symbol,side,order_type,time_in_force,original_quantity,price,average_price,order_status,order_last_filled_quantity,order_filled_accumulated_quantity,order_trade_time,usd_size
FARTCOIN,SELL,LIMIT,IOC,411.4,1.0630019,1.0727000,FILLED,406.7,411.4,1745784673096,437.31898165999996
GUN,SELL,LIMIT,IOC,3750,0.0619980,0.0626795,FILLED,17,3750,1745784678453,232.49249999999998
FLUX,SELL,LIMIT,IOC,22,0.2848097,0.2872000,FILLED,22,22,1745784699055,6.2658134
FLUX,SELL,LIMIT,IOC,22,0.2845218,0.2872000,FILLED,22,22,1745784704445,6.2594796
KDA,SELL,LIMIT,IOC,1774,0.5559868,0.5601006,FILLED,110,1774,1745784718271,986.3205832
INIT,SELL,LIMIT,IOC,222,0.7025127,0.7086360,FILLED,142,222,1745784758094,155.9578194
PUMP,BUY,LIMIT,IOC,13855,0.0845375,0.0825833,FILLED,23,13855,1745784763408,1171.2670625
SPELL,SELL,LIMIT,IOC,7865,0.0006459,0.0006552,FILLED,5461,7865,1745784801195,5.0800035
TON,BUY,LIMIT,IOC,179.8,3.3686958,3.3377200,FILLED,35.4,179.8,1745784816271,605.69150484
FLM,SELL,LIMIT,IOC,582,0.0369,0.0375,FILLED,582,582,1745784819043,21.4758
PARTI,SELL,LIMIT,IOC,12000,0.1852632,0.1870000,FILLED,1590,12000,1745784844474,2223.1584
INIT,SELL,LIMIT,IOC,1657,0.7018420,0.7085186,FILLED,51,1657,1745784851047,1162.952194
HYPER,SELL,LIMIT,IOC,1792,0.1924817,0.1943000,FILLED,1792,1792,1745784852534,344.9272064
MEMEFI,SELL,LIMIT,IOC,311182,0.0034602,0.0035123,FILLED,73976,311182,1745784854149,1076.7519564
FIS,SELL,LIMIT,IOC,24,0.2732721,0.2758400,FILLED,24,24,1745784862310,6.5585304
ALPACA,BUY,LIMIT,IOC,281,0.1876637,0.1789544,FILLED,126,281,1745784865578,52.733499699999996
ALPACA,BUY,LIMIT,IOC,3020,0.1884618,0.1775559,FILLED,15,3020,1745784868664,569.154636
FIS,SELL,LIMIT,IOC,2244,0.2728500,0.2752319,FILLED,1982,2244,1745784869288,612.2754
FLM,SELL,LIMIT,IOC,797,0.0368,0.0374,FILLED,287,797,1745784871222,29.3296
XRPUSDC,BUY,LIMIT,IOC,11.8,2.3042,2.2936,FILLED,11.8,11.8,1745784893291,27.18956
XRP,BUY,LIMIT,IOC,2.5,2.3044,2.2935,FILLED,0.1,2.5,1745784894312,5.760999999999999
XRPUSDC,BUY,LIMIT,IOC,458.7,2.3052,2.2934,FILLED,458.7,458.7,1745784896271,1057.39524
BTC,SELL,LIMIT,IOC,0.010,92556.22,92880.00,FILLED,0.010,0.010,1746021614097,925.5622000000001
DOT,SELL,LIMIT,IOC,42.1,4.006,4.029,FILLED,42.1,42.1,1746021614222,168.6526
BTCUSDC,SELL,LIMIT,IOC,0.070,92602.8,92900.0,FILLED,0.015,0.070,1746021614399,6482.196000000001
WCT,SELL,LIMIT,IOC,1498,0.3522000,0.3703999,FILLED,1,1498,1746021615042,527.5956
T,SELL,LIMIT,IOC,35217,0.0161000,0.0169300,FILLED,13388,35217,1746021615042,566.9937
1000PEPEUSDC,SELL,LIMIT,IOC,351249,0.0080511,0.0084643,FILLED,5548,351249,1746021615042,2827.9408239
EOS,SELL,LIMIT,IOC,1539.9,0.653,0.655,FILLED,1501.5,1539.9,1746021615075,1005.5547000000001
ADA,SELL,LIMIT,IOC,147,0.66146,0.66420,FILLED,107,147,1746021615090,97.23462
BTC,SELL,LIMIT,IOC,0.006,92549.91,92862.30,FILLED,0.006,0.006,1746021615123,555.2994600000001
STORJ,SELL,LIMIT,IOC,5873,0.2885,0.2935,FILLED,738,5873,1746021615260,1694.3604999999998
CTSI,SELL,LIMIT,IOC,11503,0.0641,0.0644,FILLED,9641,11503,1746021615274,737.3423
RUNE,SELL,LIMIT,IOC,1057,1.2767,1.2880,FILLED,1057,1057,1746021615373,1349.4719
TRUMP,SELL,LIMIT,IOC,384.00,11.948888,12.053072,FILLED,169.69,384.00,1746021615378,4588.3729920000005
XRP,SELL,LIMIT,IOC,1951.0,2.1153,2.1243,FILLED,1951.0,1951.0,1746021615378,4126.9502999999995
XLM,SELL,LIMIT,IOC,5379,0.26478,0.26714,FILLED,240,5379,1746021615378,1424.25162
DOT,SELL,LIMIT,IOC,583.9,4.006,4.026,FILLED,8.1,583.9,1746021615421,2339.1034
ETC,SELL,LIMIT,IOC,500.00,16.122,16.161,FILLED,16.68,500.00,1746021615468,8061.0
TON,SELL,LIMIT,IOC,36.7,3.0954452,3.1216000,FILLED,36.7,36.7,1746021615523,113.60283884
INJ,SELL,LIMIT,IOC,32.5,9.091898,9.170000,FILLED,22.9,32.5,1746021615531,295.486685
FIL,SELL,LIMIT,IOC,2000.0,2.662,2.673,FILLED,451.8,2000.0,1746021615537,5324.0
BTCUSDC,SELL,LIMIT,IOC,0.056,92582.6,92896.8,FILLED,0.056,0.056,1746021615559,5184.6256
ETH,SELL,LIMIT,IOC,0.097,1731.32,1735.81,FILLED,0.038,0.097,1746021615660,167.93804
NEO,SELL,LIMIT,IOC,6.37,5.754,5.782,FILLED,2.55,6.37,1746021615660,36.65298
ADA,SELL,LIMIT,IOC,54,0.66142,0.66410,FILLED,54,54,1746021616140,35.716680000000004
BTC,SELL,LIMIT,IOC,0.002,92530.26,92888.00,FILLED,0.002,0.002,1746021616234,185.06052
BRETT,SELL,LIMIT,IOC,15806,0.0568936,0.0574262,FILLED,416,15806,1746021616339,899.2602416000001
ARB,SELL,LIMIT,IOC,91.5,0.313497,0.315300,FILLED,91.5,91.5,1746021616348,28.684975500000004
SHELL,SELL,LIMIT,IOC,4332,0.2198185,0.2241896,FILLED,449,4332,1746021616414,952.253742
VET,SELL,LIMIT,IOC,26135,0.025407,0.025536,FILLED,2558,26135,1746021616414,664.011945
MAGIC,SELL,LIMIT,IOC,1900.4,0.208840,0.211100,FILLED,217.4,1900.4,1746021616414,396.87953600000003
PERP,SELL,LIMIT,IOC,783.2,0.312915,0.318200,FILLED,571.2,783.2,1746021616414,245.075028
TAO,SELL,LIMIT,IOC,51.275,331.26,335.08,FILLED,0.199,51.275,1746021616473,16985.356499999998
HBAR,SELL,LIMIT,IOC,177,0.17429,0.17594,FILLED,177,177,1746021616498,30.84933
BICO,SELL,LIMIT,IOC,9943,0.1282369,0.1292737,FILLED,2562,9943,1746021616520,1275.0594967
SYN,SELL,LIMIT,IOC,4423,0.2629454,0.2664290,FILLED,799,4423,1746021616520,1163.0075042
GRASS,SELL,LIMIT,IOC,40.2,1.4722446,1.4871000,FILLED,40.2,40.2,1746021616526,59.18423292000001
ONDO,SELL,LIMIT,IOC,721.1,0.8660639,0.8743430,FILLED,410.6,721.1,1746021616578,624.51867829
1MBABYDOGE,SELL,LIMIT,IOC,10238,0.0012137,0.0012245,FILLED,10238,10238,1746021617072,12.4258606
BTCUSDC,SELL,LIMIT,IOC,0.006,92562.9,92915.9,FILLED,0.006,0.006,1746021617082,555.3774
DOT,SELL,LIMIT,IOC,116.1,4.005,4.029,FILLED,116.1,116.1,1746021617302,464.98049999999995
BNB,SELL,LIMIT,IOC,0.42,588.377,591.470,FILLED,0.42,0.42,1746021617341,247.11833999999996
AVAX,SELL,LIMIT,IOC,5,20.3743,20.4840,FILLED,1,5,1746021617343,101.87150000000001
ATOM,SELL,LIMIT,IOC,2368.82,4.197,4.219,FILLED,40.47,2368.82,1746021617352,9941.93754
ADAUSDC,SELL,LIMIT,IOC,98.6,0.658614,0.665700,FILLED,74.3,98.6,1746021617393,64.9393404
ADA,SELL,LIMIT,IOC,299,0.66121,0.66520,FILLED,299,299,1746021617414,197.70179
UNI,SELL,LIMIT,IOC,8,5.0435,5.0780,FILLED,8,8,1746021617461,40.348
APT,SELL,LIMIT,IOC,4.3,5.11814,5.17160,FILLED,4.3,4.3,1746021617470,22.008002
GALA,SELL,LIMIT,IOC,4460,0.01599,0.01615,FILLED,4085,4460,1746021617470,71.3154
ETH,SELL,LIMIT,IOC,0.014,1730.09,1737.79,FILLED,0.014,0.014,1746021617470,24.22126
EOS,SELL,LIMIT,IOC,1485.8,0.653,0.655,FILLED,1485.8,1485.8,1746021617587,970.2274
SLERF,SELL,LIMIT,IOC,35511,0.0668942,0.0673492,FILLED,11023,35511,1746021617592,2375.4799362
TIA,SELL,LIMIT,IOC,20,2.5873865,2.6140000,FILLED,20,20,1746021617620,51.747730000000004
TON,SELL,LIMIT,IOC,460.6,3.0928421,3.1232439,FILLED,86.0,460.6,1746021617645,1424.56307126
BTC,SELL,LIMIT,IOC,0.068,92533.03,92905.40,FILLED,0.068,0.068,1746021617678,6292.24604
ATA,SELL,LIMIT,IOC,2531,0.0584,0.0594,FILLED,2531,2531,1746021618569,147.8104
TAO,SELL,LIMIT,IOC,40.607,331.33,335.07,FILLED,0.758,40.607,1746021618592,13454.317309999999
FIL,SELL,LIMIT,IOC,47.7,2.660,2.677,FILLED,40.0,47.7,1746021618677,126.88200000000002
1000SHIB,SELL,LIMIT,IOC,21023,0.012719,0.012818,FILLED,21023,21023,1746021618705,267.39153699999997
1MBABYDOGE,SELL,LIMIT,IOC,99411,0.0012127,0.0012270,FILLED,61635,99411,1746021618705,120.5557197
AIOT,SELL,LIMIT,IOC,19,0.2695183,0.2725600,FILLED,19,19,1746021619131,5.1208477
RPL,SELL,LIMIT,IOC,4367.6,4.3518834,4.3928682,FILLED,86.8,4367.6,1746021619183,19007.285937840003
LDO,SELL,LIMIT,IOC,36,0.786028,0.792100,FILLED,36,36,1746021619375,28.297007999999998
REI,SELL,LIMIT,IOC,60000,0.0273577,0.0275825,FILLED,2260,60000,1746021619458,1641.462
RPL,SELL,LIMIT,IOC,319.4,4.3679361,4.4027107,FILLED,1.7,319.4,1746021620192,1395.1187903399998
BRETT,SELL,LIMIT,IOC,30211,0.0567731,0.0570483,FILLED,3931,30211,1746021622414,1715.1721241
AVAX,SELL,LIMIT,IOC,5,20.3532,20.4220,FILLED,5,5,1746021624170,101.766
ETH,SELL,LIMIT,IOC,0.071,1728.74,1734.45,FILLED,0.071,0.071,1746021625023,122.74054
ETHUSDC,SELL,LIMIT,IOC,0.400,1729.21,1735.29,FILLED,0.400,0.400,1746021625036,691.6840000000001
BTC,SELL,LIMIT,IOC,0.004,92545.54,92895.50,FILLED,0.004,0.004,1746021625036,370.18216
SOLUSDC,SELL,LIMIT,IOC,1.00,139.7454,140.4300,FILLED,1.00,1.00,1746021625036,139.7454
SOL,BUY,LIMIT,IOC,0.50,141.1446,140.4700,FILLED,0.50,0.50,1746021625036,70.5723
LAYER,SELL,LIMIT,IOC,0.1,3.064598,3.090800,FILLED,0.1,0.1,1746021625114,0.30645980000000006
AVAX,SELL,LIMIT,IOC,147,20.3477,20.3890,FILLED,147,147,1746021625328,2991.1119
YGG,SELL,LIMIT,IOC,3250,0.1965334,0.1992180,FILLED,1938,3250,1746021625409,638.73355
STEEM,SELL,LIMIT,IOC,32,0.142929,0.144900,FILLED,32,32,1746021625419,4.573728
UNI,SELL,LIMIT,IOC,18,5.0411,5.0640,FILLED,12,18,1746021625549,90.7398
ETH,SELL,LIMIT,IOC,0.024,1728.52,1733.91,FILLED,0.024,0.024,1746021626032,41.48448
INIT,SELL,LIMIT,IOC,691,0.7436580,0.7507000,FILLED,79,691,1746021626081,513.8676780000001
BTC,SELL,LIMIT,IOC,0.015,92546.29,92877.60,FILLED,0.015,0.015,1746021626085,1388.1943499999998
AVAX,SELL,LIMIT,IOC,33,20.3387,20.3880,FILLED,21,33,1746021626360,671.1771
ADA,SELL,LIMIT,IOC,258,0.66205,0.66510,FILLED,258,258,1746021626409,170.8089
RPL,SELL,LIMIT,IOC,9.9,4.3622398,4.3990000,FILLED,9.9,9.9,1746021626449,43.18617402
EGLD,SELL,LIMIT,IOC,0.3,16.254,16.407,FILLED,0.3,0.3,1746021626522,4.8762
AVAXUSDC,SELL,LIMIT,IOC,305.59,20.309572,20.377432,FILLED,16.93,305.59,1746021627091,6206.402107479999
ETH,SELL,LIMIT,IOC,0.230,1728.26,1734.12,FILLED,0.230,0.230,1746021627108,397.4998
TAO,SELL,LIMIT,IOC,5.531,331.35,334.87,FILLED,0.057,5.531,1746021627130,1832.69685
RED,SELL,LIMIT,IOC,1,0.3931751,0.3967000,FILLED,1,1,1746021627130,0.3931751
FIS,SELL,LIMIT,IOC,1,0.2431241,0.2453300,FILLED,1,1,1746021627130,0.2431241
ZEREBRO,SELL,LIMIT,IOC,1,0.0426483,0.0430600,FILLED,1,1,1746021627130,0.0426483
INIT,SELL,LIMIT,IOC,2,0.7433194,0.7505000,FILLED,2,2,1746021627212,1.4866388
TON,SELL,LIMIT,IOC,9.3,3.0912112,3.1220000,FILLED,9.3,9.3,1746021627232,28.74826416
MASK,SELL,LIMIT,IOC,756,1.1155,1.1254,FILLED,120,756,1746021627269,843.318
GMX,SELL,LIMIT,IOC,6.84,13.580909,13.840000,FILLED,6.84,6.84,1746021627270,92.89341756
SPELL,SELL,LIMIT,IOC,925624,0.0005640,0.0005717,FILLED,186414,925624,1746021627291,522.0519360000001
YGG,SELL,LIMIT,IOC,105,0.1964433,0.1994000,FILLED,105,105,1746021627295,20.6265465
ETHUSDC,SELL,LIMIT,IOC,2.032,1728.82,1735.28,FILLED,0.984,2.032,1746021627325,3512.96224
LEVER,SELL,LIMIT,IOC,70806,0.0006426,0.0006555,FILLED,70806,70806,1746021627330,45.4999356
ETH_250627,SELL,LIMIT,IOC,0.006,1730.89,1747.99,FILLED,0.006,0.006,1746021627358,10.385340000000001
1000CAT,SELL,LIMIT,IOC,2027,0.0066114,0.0066760,FILLED,2027,2027,1746021627361,13.4013078
AVAX,SELL,LIMIT,IOC,193,20.3198,20.3836,FILLED,19,193,1746021627401,3921.7214000000004
NEAR,SELL,LIMIT,IOC,360,2.3555,2.3770,FILLED,360,360,1746021627463,847.98
HYPER,SELL,LIMIT,IOC,2187,0.1807592,0.1826000,FILLED,2187,2187,1746021627470,395.3203704
MKR,SELL,LIMIT,IOC,0.316,1434.99,1442.80,FILLED,0.316,0.316,1746021627562,453.45684
SOL,SELL,LIMIT,IOC,1.99,139.7826,140.4700,FILLED,1.99,1.99,1746021627563,278.167374
RPL,SELL,LIMIT,IOC,100.0,4.3615855,4.3994420,FILLED,5.6,100.0,1746021627583,436.15855000000005
REZ,SELL,LIMIT,IOC,15000,0.0138540,0.0140500,FILLED,10000,15000,1746021627583,207.81
NKN,SELL,LIMIT,IOC,5000,0.03919,0.03996,FILLED,476,5000,1746021627583,195.95000000000002
CHZ,SELL,LIMIT,IOC,5000,0.03932,0.03968,FILLED,5000,5000,1746021627583,196.6
VET,SELL,LIMIT,IOC,5000,0.025402,0.025544,FILLED,4609,5000,1746021627583,127.01
MOVE,SELL,LIMIT,IOC,200,0.2328032,0.2351000,FILLED,200,200,1746021627583,46.56064
TRU,SELL,LIMIT,IOC,500,0.0377953,0.0381500,FILLED,500,500,1746021628100,18.89765
UNI,SELL,LIMIT,IOC,440,5.0392,5.0650,FILLED,261,440,1746021628197,2217.248
AVAX,SELL,LIMIT,IOC,90,20.3145,20.3670,FILLED,49,90,1746021628509,1828.3049999999998
EOS,SELL,LIMIT,IOC,27.8,0.652,0.653,FILLED,27.8,27.8,1746021628566,18.125600000000002
SNX,SELL,LIMIT,IOC,3606.1,0.678,0.686,FILLED,1377.6,3606.1,1746021628677,2444.9358
VANA,SELL,LIMIT,IOC,23.89,5.563896,5.614000,FILLED,6.73,23.89,1746021628694,132.92147544
POL,SELL,LIMIT,IOC,1242,0.2238183,0.2257761,FILLED,842,1242,1746021628716,277.9823286
ETHUSDC,SELL,LIMIT,IOC,0.012,1728.53,1733.32,FILLED,0.012,0.012,1746021628718,20.74236
ETH,SELL,LIMIT,IOC,0.090,1727.66,1732.35,FILLED,0.090,0.090,1746021629044,155.4894
EGLD,SELL,LIMIT,IOC,155.8,16.244,16.383,FILLED,24.7,155.8,1746021629063,2530.8152
BTC,SELL,LIMIT,IOC,0.015,92530.73,92878.60,FILLED,0.015,0.015,1746021629084,1387.96095
INIT,BUY,LIMIT,IOC,112,0.7577550,0.7500000,FILLED,112,112,1746021629108,84.86856
AGLD,BUY,LIMIT,IOC,231,0.9156528,0.9058528,FILLED,122,231,1746021629108,211.5157968
COOKIE,BUY,LIMIT,IOC,1359,0.1745026,0.1728000,FILLED,623,1359,1746021629108,237.1490334
AAVE,SELL,LIMIT,IOC,13.2,153.992,155.450,FILLED,1.1,13.2,1746021629132,2032.6943999999999
GRASS,SELL,LIMIT,IOC,112.2,1.4704075,1.4841141,FILLED,26.0,112.2,1746021629435,164.9797215
SOL,SELL,LIMIT,IOC,0.85,139.7668,140.4200,FILLED,0.85,0.85,1746021629476,118.80178
SAND,SELL,LIMIT,IOC,23421,0.28134,0.28263,FILLED,585,23421,1746021629497,6589.264139999999
BNB,SELL,LIMIT,IOC,14.88,588.369,591.200,FILLED,0.02,14.88,1746021629532,8754.93072
BRETT,SELL,LIMIT,IOC,17553,0.0562713,0.0566130,FILLED,6978,17553,1746021629533,987.7301289000001
ETHFIUSDC,SELL,LIMIT,IOC,52.9,0.5613864,0.5667000,FILLED,52.9,52.9,1746021629570,29.697340559999997
MKR,SELL,LIMIT,IOC,1.040,1434.90,1442.01,FILLED,0.246,1.040,1746021629576,1492.296
FILUSDC,SELL,LIMIT,IOC,10.5,2.6575478,2.6690000,FILLED,10.5,10.5,1746021629593,27.904251900000002
UNI,SELL,LIMIT,IOC,377,5.0361,5.0580,FILLED,210,377,1746021629661,1898.6097000000002
AIOT,SELL,LIMIT,IOC,72,0.2689481,0.2718400,FILLED,72,72,1746021630055,19.364263200000003
ETH,SELL,LIMIT,IOC,0.100,1727.28,1732.25,FILLED,0.100,0.100,1746021630062,172.728
ATOM,SELL,LIMIT,IOC,1142.75,4.196,4.215,FILLED,43.65,1142.75,1746021630125,4794.978999999999
ETHUSDC,SELL,LIMIT,IOC,1.487,1728.23,1732.54,FILLED,0.323,1.487,1746021630174,2569.8780100000004
HBAR,SELL,LIMIT,IOC,4000,0.17420,0.17584,FILLED,1766,4000,1746021630178,696.8
SIGN,SELL,LIMIT,IOC,500,0.0904180,0.0913000,FILLED,500,500,1746021630343,45.208999999999996
AVAX,SELL,LIMIT,IOC,121,20.2944,20.3648,FILLED,8,121,1746021630361,2455.6223999999997
INIT,SELL,LIMIT,IOC,9020,0.7418059,0.7495363,FILLED,4156,9020,1746021630478,6691.089218
DOGE,SELL,LIMIT,IOC,64,0.166117,0.166910,FILLED,64,64,1746021630549,10.631488
JASMY,SELL,LIMIT,IOC,215,0.015648,0.015950,FILLED,215,215,1746021630549,3.3643199999999998
TRX,SELL,LIMIT,IOC,55,0.24121,0.24264,FILLED,55,55,1746021630549,13.26655
GRASS,SELL,LIMIT,IOC,202.4,1.4699369,1.4813287,FILLED,38.8,202.4,1746021630564,297.51522856
OP,SELL,LIMIT,IOC,448.5,0.7214092,0.7254000,FILLED,448.5,448.5,1746021630573,323.5520262
TIA,SELL,LIMIT,IOC,131,2.5860835,2.6104259,FILLED,42,131,1746021630573,338.77693849999997
BTC,SELL,LIMIT,IOC,0.007,92532.72,92869.67,FILLED,0.001,0.007,1746021630573,647.72904
ORDI,SELL,LIMIT,IOC,12.4,7.478026,7.544056,FILLED,10.9,12.4,1746021630612,92.7275224
NEAR,SELL,LIMIT,IOC,35,2.3545,2.3750,FILLED,35,35,1746021630612,82.4075
SOL,SELL,LIMIT,IOC,43.21,139.7620,140.4400,FILLED,43.21,43.21,1746021630653,6039.11602
W,SELL,LIMIT,IOC,462083.0,0.0815481,0.0827155,FILLED,5142.0,462083.0,1746021631031,37681.9906923
ICP,SELL,LIMIT,IOC,6493,4.671411,4.737509,FILLED,46,6493,1746021631031,30331.471623
POL,SELL,LIMIT,IOC,4424,0.2235848,0.2256628,FILLED,393,4424,1746021631056,989.1391552
EOS,SELL,LIMIT,IOC,1247.6,0.651,0.653,FILLED,1247.6,1247.6,1746021631071,812.1876
DOT,SELL,LIMIT,IOC,21.0,4.003,4.025,FILLED,21.0,21.0,1746021631091,84.063
1MBABYDOGE,SELL,LIMIT,IOC,7428,0.0012116,0.0012232,FILLED,7428,7428,1746021631104,8.9997648
ETH,SELL,LIMIT,IOC,6.128,1726.75,1731.91,FILLED,6.128,6.128,1746021631130,10581.524
BNB,SELL,LIMIT,IOC,14.26,588.381,591.149,FILLED,4.52,14.26,1746021631130,8390.313059999999
MKR,SELL,LIMIT,IOC,0.020,1434.17,1442.00,FILLED,0.020,0.020,1746021631148,28.683400000000002
ALGO,SELL,LIMIT,IOC,994.3,0.2106,0.2125,FILLED,994.3,994.3,1746021631150,209.39958
ETHUSDC,SELL,LIMIT,IOC,46.606,1726.84,1732.42,FILLED,2.317,46.606,1746021631177,80481.10504
FET,SELL,LIMIT,IOC,6000,0.6742166,0.6799847,FILLED,590,6000,1746021631184,4045.2996000000003
ETHBTC,SELL,LIMIT,IOC,2.34,0.018565,0.018650,FILLED,1.23,2.34,1746021631186,0.043442100000000004
BTCUSDC,SELL,LIMIT,IOC,0.017,92553.0,92902.0,FILLED,0.017,0.017,1746021631280,1573.401
XRP,SELL,LIMIT,IOC,34.3,2.1162,2.1253,FILLED,34.3,34.3,1746021631341,72.58565999999999
LTC,SELL,LIMIT,IOC,1.114,81.29,81.63,FILLED,0.484,1.114,1746021631341,90.55706000000002
HOT,SELL,LIMIT,IOC,36613,0.000998,0.001007,FILLED,36613,36613,1746021631341,36.539774
AXL,SELL,LIMIT,IOC,75.8,0.3670708,0.3699000,FILLED,44.5,75.8,1746021631341,27.82396664
TWT,SELL,LIMIT,IOC,32,0.766720,0.778000,FILLED,32,32,1746021631341,24.53504
ARB,SELL,LIMIT,IOC,13190.1,0.313434,0.314800,FILLED,8365.7,13190.1,1746021631352,4134.2258034
AIOT,SELL,LIMIT,IOC,2369,0.2684881,0.2725832,FILLED,302,2369,1746021631359,636.0483089
BCH,SELL,LIMIT,IOC,0.344,353.22,354.81,FILLED,0.344,0.344,1746021631365,121.50768
LINK,SELL,LIMIT,IOC,1.46,13.763,13.826,FILLED,1.46,1.46,1746021631373,20.09398
ATOM,SELL,LIMIT,IOC,105.45,4.194,4.214,FILLED,101.55,105.45,1746021631383,442.2573
ADA,SELL,LIMIT,IOC,232,0.66146,0.66430,FILLED,232,232,1746021631406,153.45872
SWELL,SELL,LIMIT,IOC,4219,0.0090175,0.0090900,FILLED,4219,4219,1746021631406,38.0448325
SAGA,SELL,LIMIT,IOC,257.2,0.3050760,0.3078000,FILLED,257.2,257.2,1746021631406,78.4655472
HBAR,SELL,LIMIT,IOC,55,0.17416,0.17582,FILLED,55,55,1746021631438,9.578800000000001
BNBUSDC,SELL,LIMIT,IOC,0.51,588.686,591.500,FILLED,0.49,0.51,1746021631521,300.22986000000003
AVAX,SELL,LIMIT,IOC,8,20.2870,20.3590,FILLED,8,8,1746021631536,162.296
TON,SELL,LIMIT,IOC,88.8,3.0892833,3.1171000,FILLED,88.8,88.8,1746021631552,274.32835704
RSR,SELL,LIMIT,IOC,1138,0.008283,0.008348,FILLED,1138,1138,1746021631554,9.426054
ETC,SELL,LIMIT,IOC,189.20,16.102,16.151,FILLED,18.68,189.20,1746021631572,3046.4984
STX,SELL,LIMIT,IOC,43,0.7603402,0.7674000,FILLED,43,43,1746021631615,32.6946286
ONDO,SELL,LIMIT,IOC,174.6,0.8663668,0.8745000,FILLED,27.4,174.6,1746021631631,151.26764328
DOGE,SELL,LIMIT,IOC,902,0.166115,0.166820,FILLED,902,902,1746021631631,149.83573
1000PEPE,SELL,LIMIT,IOC,17414,0.0084130,0.0084605,FILLED,14972,17414,1746021631631,146.503982
BTC,BUY,LIMIT,IOC,0.003,93256.84,92859.10,FILLED,0.003,0.003,1746021631631,279.77052
SOL,SELL,LIMIT,IOC,6.87,139.7509,140.4600,FILLED,6.87,6.87,1746021632066,960.0886830000001
1000SHIB,SELL,LIMIT,IOC,423,0.012727,0.012802,FILLED,423,423,1746021632077,5.383521
NOT,SELL,LIMIT,IOC,2220,0.0025982,0.0026240,FILLED,2220,2220,1746021632077,5.768004
GRASS,SELL,LIMIT,IOC,8.0,1.4680957,1.4814000,FILLED,8.0,8.0,1746021632111,11.7447656
AERGO,SELL,LIMIT,IOC,20,0.1578814,0.1603400,FILLED,20,20,1746021632111,3.157628
OM,SELL,LIMIT,IOC,10.0,0.4664859,0.4708000,FILLED,10.0,10.0,1746021632111,4.664859
ETH,SELL,LIMIT,IOC,20.953,1726.28,1731.92,FILLED,1.770,20.953,1746021632140,36170.74484
OP,SELL,LIMIT,IOC,26.5,0.7210181,0.7251000,FILLED,26.5,26.5,1746021632148,19.10697965
UNI,SELL,LIMIT,IOC,180,5.0302,5.0575,FILLED,84,180,1746021632173,905.4359999999999
TRUMP,SELL,LIMIT,IOC,3.00,11.920026,12.037000,FILLED,3.00,3.00,1746021632181,35.760078
BNB,SELL,LIMIT,IOC,0.80,588.349,591.240,FILLED,0.80,0.80,1746021632183,470.67920000000004
EOS,SELL,LIMIT,IOC,3696.0,0.651,0.653,FILLED,3696.0,3696.0,1746021632222,2406.096
INJ,SELL,LIMIT,IOC,16.7,9.075648,9.157000,FILLED,16.7,16.7,1746021632236,151.5633216
GRT,SELL,LIMIT,IOC,35323,0.09142,0.09262,FILLED,719,35323,1746021632244,3229.22866
ETH_250926,SELL,LIMIT,IOC,2.533,1753.94,1769.81,FILLED,0.207,2.533,1746021632255,4442.73002
TIA,SELL,LIMIT,IOC,458,2.5853820,2.6100000,FILLED,438,458,1746021632259,1184.1049560000001
SAND,SELL,LIMIT,IOC,560,0.28115,0.28264,FILLED,239,560,1746021632288,157.44400000000002
ETHUSDC,SELL,LIMIT,IOC,0.643,1726.47,1732.58,FILLED,0.005,0.643,1746021632292,1110.12021
ALGO,SELL,LIMIT,IOC,105360.6,0.2100,0.2123,FILLED,471.9,105360.6,1746021632298,22125.726
1MBABYDOGE,SELL,LIMIT,IOC,6581,0.0012119,0.0012223,FILLED,6581,6581,1746021632327,7.975513899999999
UMA,SELL,LIMIT,IOC,8,1.129567,1.138000,FILLED,8,8,1746021632327,9.036536
RPL,SELL,LIMIT,IOC,2.5,4.3569465,4.3960000,FILLED,2.5,2.5,1746021632327,10.89236625
AGLD,SELL,LIMIT,IOC,10,0.8975500,0.9054000,FILLED,10,10,1746021632327,8.9755
SXP,SELL,LIMIT,IOC,647.4,0.1949,0.1966,FILLED,647.4,647.4,1746021632403,126.17826
AIOT,SELL,LIMIT,IOC,3521,0.2680430,0.2724007,FILLED,360,3521,1746021632424,943.7794029999999
AXS,SELL,LIMIT,IOC,738,2.38708,2.39700,FILLED,39,738,1746021632425,1761.66504
IO,SELL,LIMIT,IOC,1750.5,0.7410112,0.7475439,FILLED,354.6,1750.5,1746021632425,1297.1401056
CHZ,SELL,LIMIT,IOC,8932,0.03926,0.03961,FILLED,3113,8932,1746021632440,350.67032
INIT,SELL,LIMIT,IOC,4379,0.7422248,0.7479128,FILLED,137,4379,1746021632470,3250.2023992
ARB,SELL,LIMIT,IOC,246.6,0.313047,0.314700,FILLED,246.6,246.6,1746021632483,77.1973902
ENS,SELL,LIMIT,IOC,74.8,16.952,17.103,FILLED,9.7,74.8,1746021632503,1268.0096
ARKM,SELL,LIMIT,IOC,83,0.5453218,0.5500000,FILLED,83,83,1746021632505,45.2617094
DASH,SELL,LIMIT,IOC,1.264,22.61,22.81,FILLED,1.264,1.264,1746021632505,28.57904
EIGEN,SELL,LIMIT,IOC,14.5,0.8819236,0.8901000,FILLED,14.5,14.5,1746021632542,12.7878922
CFX,SELL,LIMIT,IOC,60000,0.0763622,0.0770088,FILLED,2907,60000,1746021632601,4581.732
XRP,SELL,LIMIT,IOC,64.2,2.1158,2.1251,FILLED,46.3,64.2,1746021632613,135.83436
VOXEL,BUY,LIMIT,IOC,206,0.1151485,0.1131000,FILLED,206,206,1746021632613,23.720591
DOGE,SELL,LIMIT,IOC,23096,0.166008,0.166710,FILLED,21935,23096,1746021632635,3834.1207679999998
AVAX,SELL,LIMIT,IOC,33,20.2730,20.3571,FILLED,8,33,1746021633059,669.009
1000PEPE,SELL,LIMIT,IOC,65412,0.0084053,0.0084586,FILLED,25366,65412,1746021633059,549.8074836
ADA,SELL,LIMIT,IOC,662,0.66140,0.66420,FILLED,662,662,1746021633059,437.8468
AAVE,SELL,LIMIT,IOC,1.7,153.877,155.400,FILLED,1.7,1.7,1746021633059,261.59090000000003
BTC,SELL,LIMIT,IOC,0.110,92514.35,92853.30,FILLED,0.110,0.110,1746021633114,10176.578500000001
IOTA,SELL,LIMIT,IOC,1382.4,0.1953,0.1971,FILLED,1337.3,1382.4,1746021633213,269.98272000000003
BTCUSDC,SELL,LIMIT,IOC,0.014,92555.2,92899.9,FILLED,0.014,0.014,1746021633272,1295.7728
TON,SELL,LIMIT,IOC,103.8,3.0883201,3.1180167,FILLED,10.3,103.8,1746021633301,320.56762638
BANANA,SELL,LIMIT,IOC,23.8,18.8570208,19.0349621,FILLED,7.7,23.8,1746021633314,448.79709504000004
BAND,SELL,LIMIT,IOC,43.5,0.7898,0.8007,FILLED,20.8,43.5,1746021633327,34.3563
EOS,SELL,LIMIT,IOC,92.5,0.651,0.653,FILLED,92.5,92.5,1746021633389,60.2175
1INCH,SELL,LIMIT,IOC,272,0.1960,0.1978,FILLED,272,272,1746021633398,53.312000000000005
MOVE,SELL,LIMIT,IOC,84,0.2325859,0.2349000,FILLED,84,84,1746021633424,19.5372156
XTZ,SELL,LIMIT,IOC,200.0,0.525,0.532,FILLED,200.0,200.0,1746021633437,105.0
AI16Z,SELL,LIMIT,IOC,100.0,0.2399514,0.2423000,FILLED,100.0,100.0,1746021633437,23.99514
ETH,SELL,LIMIT,IOC,0.060,1726.03,1732.65,FILLED,0.060,0.060,1746021633437,103.56179999999999
ZEREBRO,SELL,LIMIT,IOC,975,0.0426135,0.0431000,FILLED,589,975,1746021633437,41.5481625
GMT,SELL,LIMIT,IOC,740,0.05503,0.05547,FILLED,740,740,1746021633437,40.7222
LTC,SELL,LIMIT,IOC,1.000,81.22,81.61,FILLED,1.000,1.000,1746021633437,81.22
PUMP,SELL,LIMIT,IOC,250,0.0766901,0.0787600,FILLED,250,250,1746021633437,19.172525
BAT,SELL,LIMIT,IOC,150.0,0.1426,0.1447,FILLED,150.0,150.0,1746021633437,21.39
DEFI,SELL,LIMIT,IOC,0.020,605.8,611.8,FILLED,0.020,0.020,1746021633437,12.116
HBAR,SELL,LIMIT,IOC,25,0.17412,0.17585,FILLED,25,25,1746021633437,4.353
ICX,SELL,LIMIT,IOC,40,0.0991,0.1004,FILLED,40,40,1746021633437,3.9639999999999995
BNB,SELL,LIMIT,IOC,0.04,588.359,591.210,FILLED,0.04,0.04,1746021633437,23.534360000000003
GALA,SELL,LIMIT,IOC,17440,0.01599,0.01613,FILLED,17440,17440,1746021633441,278.86560000000003
TRX,SELL,LIMIT,IOC,37,0.24120,0.24269,FILLED,37,37,1746021633451,8.9244
SUSHI,SELL,LIMIT,IOC,113,0.6158,0.6251,FILLED,2,113,1746021633454,69.5854
POL,SELL,LIMIT,IOC,1150,0.2234800,0.2258000,FILLED,824,1150,1746021633487,257.002
OP,SELL,LIMIT,IOC,34.1,0.7208528,0.7253000,FILLED,34.1,34.1,1746021633503,24.58108048
STEEM,SELL,LIMIT,IOC,6178,0.142587,0.144630,FILLED,3044,6178,1746021633546,880.902486
SOL,BUY,LIMIT,IOC,8.97,141.1318,140.4800,FILLED,4.02,8.97,1746021633567,1265.952246
INIT,SELL,LIMIT,IOC,140,0.7419000,0.7481000,FILLED,140,140,1746021633597,103.866
COS,SELL,LIMIT,IOC,125185,0.0034928,0.0035265,FILLED,22129,125185,1746021634102,437.246168
ATOM,SELL,LIMIT,IOC,6000.00,4.182,4.216,FILLED,948.50,6000.00,1746021634110,25092.000000000004
BTC,SELL,LIMIT,IOC,0.013,92513.47,92872.00,FILLED,0.013,0.013,1746021634163,1202.67511
MORPHO,SELL,LIMIT,IOC,3557.9,1.1345666,1.1435953,FILLED,165.6,3557.9,1746021634219,4036.6745061400006
1000SHIB,SELL,LIMIT,IOC,74880,0.012720,0.012816,FILLED,42023,74880,1746021634275,952.4736
DOGE,SELL,LIMIT,IOC,4634,0.165963,0.166990,FILLED,4634,4634,1746021634275,769.072542
AEVO,SELL,LIMIT,IOC,3815.1,0.1067306,0.1079000,FILLED,3545.1,3815.1,1746021634275,407.18791206
ZK,SELL,LIMIT,IOC,7200,0.0550809,0.0557002,FILLED,6027,7200,1746021634275,396.58248000000003
RDNT,SELL,LIMIT,IOC,15947,0.0248015,0.0250758,FILLED,3571,15947,1746021634275,395.5095205
W,SELL,LIMIT,IOC,4685.4,0.0819687,0.0828700,FILLED,4685.4,4685.4,1746021634275,384.05614698
DODOX,SELL,LIMIT,IOC,8070,0.0464684,0.0474440,FILLED,5454,8070,1746021634275,374.999988
ICP,SELL,LIMIT,IOC,84,4.691987,4.743000,FILLED,84,84,1746021634275,394.126908
ETC,SELL,LIMIT,IOC,120.24,16.086,16.171,FILLED,43.03,120.24,1746021634310,1934.1806399999998
WLD,SELL,LIMIT,IOC,8846,0.9938703,1.0056324,FILLED,524,8846,1746021634313,8791.7766738
RSR,SELL,LIMIT,IOC,430032,0.008274,0.008353,FILLED,140529,430032,1746021634313,3558.084768
HOOK,SELL,LIMIT,IOC,1829.2,0.135282,0.137900,FILLED,1829.2,1829.2,1746021634316,247.45783440000002
LEVER,SELL,LIMIT,IOC,113523,0.0006416,0.0006536,FILLED,113523,113523,1746021634329,72.8363568
POPCAT,SELL,LIMIT,IOC,2369,0.3378146,0.3436000,FILLED,1728,2369,1746021634355,800.2827874000001
SYN,SELL,LIMIT,IOC,1878,0.2617497,0.2657000,FILLED,622,1878,1746021634355,491.56593659999993
INJ,SELL,LIMIT,IOC,83.8,9.075339,9.170836,FILLED,13.7,83.8,1746021634355,760.5134082
ARKM,SELL,LIMIT,IOC,1105,0.5450035,0.5506000,FILLED,605,1105,1746021634356,602.2288675
SUI,SELL,LIMIT,IOC,287.6,3.269502,3.302749,FILLED,11.3,287.6,1746021634356,940.3087752000001
CAKE,SELL,LIMIT,IOC,598,1.9823063,1.9971063,FILLED,73,598,1746021634356,1185.4191674
CGPT,SELL,LIMIT,IOC,7989,0.1092979,0.1105009,FILLED,1247,7989,1746021634356,873.1809231
AIOT,SELL,LIMIT,IOC,8805,0.2672680,0.2742314,FILLED,40,8805,1746021634396,2353.2947400000003
1000CAT,SELL,LIMIT,IOC,205618,0.0066060,0.0066669,FILLED,16663,205618,1746021634431,1358.312508
ARBUSDC,SELL,LIMIT,IOC,370.1,0.313080,0.315300,FILLED,370.1,370.1,1746021634452,115.87090800000001
XLM,SELL,LIMIT,IOC,325,0.26453,0.26723,FILLED,191,325,1746021634540,85.97225
SAGA,SELL,LIMIT,IOC,28056.6,0.3046956,0.3079175,FILLED,309.0,28056.6,1746021634630,8548.72257096
INIT,SELL,LIMIT,IOC,73,0.7406896,0.7476000,FILLED,73,73,1746021636319,54.0703408
REI,SELL,LIMIT,IOC,1624,0.0272360,0.0275100,FILLED,1624,1624,1746021636651,44.231264
CAKE,SELL,LIMIT,IOC,50,1.9801219,1.9944000,FILLED,50,50,1746021637512,99.006095
WLDUSDC,SELL,LIMIT,IOC,8434.9,0.9967703,1.0039772,FILLED,4505.5,8434.9,1746021638048,8407.65780347
1000000MOG,SELL,LIMIT,IOC,4826.4,0.5513567,0.5558063,FILLED,90.1,4826.4,1746021638332,2661.06797688
ME,SELL,LIMIT,IOC,4408.3,0.9427495,0.9514374,FILLED,964.9,4408.3,1746021638332,4155.92262085
THETA,SELL,LIMIT,IOC,2278.8,0.7068,0.7171,FILLED,102.4,2278.8,1746021638332,1610.6558400000001
LEVER,SELL,LIMIT,IOC,7466035,0.0006407,0.0006500,FILLED,5964020,7466035,1746021638332,4783.4886245
SONIC,SELL,LIMIT,IOC,6457.5,0.2749033,0.2775122,FILLED,171.6,6457.5,1746021638332,1775.18805975
1000SATS,SELL,LIMIT,IOC,51246905,0.0000433,0.0000436,FILLED,51246905,51246905,1746021638332,2218.9909865
SUN,SELL,LIMIT,IOC,110375,0.0172663,0.0174350,FILLED,5045,110375,1746021638332,1905.7678624999999
1000CAT,SELL,LIMIT,IOC,192422,0.0066051,0.0066624,FILLED,10664,192422,1746021638333,1270.9665522
HIGH,SELL,LIMIT,IOC,2807.0,0.546394,0.557122,FILLED,55.7,2807.0,1746021638333,1533.7279580000002
BRETT,SELL,LIMIT,IOC,20765,0.0561189,0.0564464,FILLED,5154,20765,1746021639458,1165.3089585
INIT,SELL,LIMIT,IOC,88,0.7404884,0.7479000,FILLED,88,88,1746021639526,65.16297920000001
LEVER,SELL,LIMIT,IOC,86219,0.0006385,0.0006497,FILLED,14053,86219,1746021640184,55.050831499999994
CAKE,SELL,LIMIT,IOC,15,1.9756309,1.9950000,FILLED,10,15,1746021640347,29.634463500000003
DOT,SELL,LIMIT,IOC,3.0,4.003,4.026,FILLED,3.0,3.0,1746021640403,12.009
SUSHI,SELL,LIMIT,IOC,9,0.6160,0.6251,FILLED,8,9,1746021640403,5.544
MAGIC,SELL,LIMIT,IOC,25.0,0.208756,0.210900,FILLED,25.0,25.0,1746021640403,5.2189
INIT,SELL,LIMIT,IOC,2213,0.7403435,0.7486000,FILLED,2213,2213,1746021640575,1638.3801655000002
WLD,SELL,LIMIT,IOC,1500,0.9950178,1.0044197,FILLED,478,1500,1746021642035,1492.5267
AIOT,BUY,LIMIT,IOC,7036,0.2789969,0.2740515,FILLED,38,7036,1746021642092,1963.0221884
AVAXUSDC,SELL,LIMIT,IOC,1.81,20.274301,20.362000,FILLED,1.81,1.81,1746021642100,36.69648481
LQTY,SELL,LIMIT,IOC,2045.7,0.655500,0.663436,FILLED,614.3,2045.7,1746021642227,1340.95635
SUSHI,SELL,LIMIT,IOC,8,0.6157,0.6253,FILLED,8,8,1746021642493,4.9256
TRUMP,SELL,LIMIT,IOC,65.79,11.900261,12.030165,FILLED,51.72,65.79,1746021642516,782.9181711900001
SUPER,SELL,LIMIT,IOC,2169,0.6406804,0.6461902,FILLED,352,2169,1746021643159,1389.6357876000002
FET,SELL,LIMIT,IOC,25,0.6732533,0.6790000,FILLED,25,25,1746021643449,16.831332500000002
AVAX,SELL,LIMIT,IOC,2242,20.2232,20.3455,FILLED,18,2242,1746021643465,45340.414399999994
LEVER,SELL,LIMIT,IOC,319955,0.0006374,0.0006458,FILLED,142757,319955,1746021643513,203.939317
DOT,SELL,LIMIT,IOC,734.9,4.002,4.023,FILLED,81.5,734.9,1746021643566,2941.0697999999998
JUP,SELL,LIMIT,IOC,101,0.4268570,0.4310000,FILLED,101,101,1746021644121,43.112556999999995
WLD,SELL,LIMIT,IOC,56,0.9948613,1.0042000,FILLED,56,56,1746021644121,55.712232799999995
VANRY,SELL,LIMIT,IOC,1406,0.0315670,0.0320300,FILLED,1406,1406,1746021644121,44.383202
BOME,SELL,LIMIT,IOC,31782,0.0014576,0.0014710,FILLED,31782,31782,1746021644121,46.3254432
BROCCOLI714,SELL,LIMIT,IOC,1390,0.0301546,0.0307692,FILLED,106,1390,1746021644121,41.914894
BNBUSDC,SELL,LIMIT,IOC,2.91,588.551,591.216,FILLED,1.83,2.91,1746021644123,1712.6834100000003
TRU,SELL,LIMIT,IOC,326,0.0377661,0.0381400,FILLED,326,326,1746021644166,12.3117486
AVAX,SELL,LIMIT,IOC,5,20.2606,20.3390,FILLED,5,5,1746021644483,101.303
DOGE,SELL,LIMIT,IOC,41,0.166216,0.166970,FILLED,41,41,1746021644483,6.814856
TRX,SELL,LIMIT,IOC,20,0.24122,0.24270,FILLED,20,20,1746021644483,4.8244
INIT,SELL,LIMIT,IOC,7479,0.7391225,0.7463682,FILLED,168,7479,1746021645078,5527.8971775
TRUMP,SELL,LIMIT,IOC,161.05,11.905713,12.023000,FILLED,5.94,161.05,1746021645104,1917.4150786500002
W,SELL,LIMIT,IOC,34535.7,0.0819459,0.0827599,FILLED,1039.7,34535.7,1746021645104,2830.0590186299996
LTC,SELL,LIMIT,IOC,5.256,81.16,81.39,FILLED,5.256,5.256,1746021645127,426.57696
LTCUSDC,SELL,LIMIT,IOC,0.111,81.15,81.41,FILLED,0.111,0.111,1746021645171,9.00765
LEVER,SELL,LIMIT,IOC,77302,0.0006343,0.0006443,FILLED,77302,77302,1746021645183,49.0326586
FET,SELL,LIMIT,IOC,211,0.6730297,0.6790971,FILLED,6,211,1746021645227,142.00926669999998
WCT,SELL,LIMIT,IOC,133,0.3658820,0.3693000,FILLED,133,133,1746021645310,48.662306
NIL,SELL,LIMIT,IOC,135.8,0.374223,0.378000,FILLED,39.8,135.8,1746021645310,50.8194834
SUSHI,SELL,LIMIT,IOC,43,0.6157,0.6249,FILLED,43,43,1746021645310,26.4751
BNB,SELL,LIMIT,IOC,1.40,588.231,591.050,FILLED,1.40,1.40,1746021645460,823.5233999999999
T,SELL,LIMIT,IOC,111266,0.0161000,0.0169051,FILLED,15547,111266,1746021645492,1791.3826
1000PEPEUSDC,SELL,LIMIT,IOC,1109914,0.0080539,0.0084597,FILLED,12525,1109914,1746021645493,8939.136364599999
APT,SELL,LIMIT,IOC,44.1,5.10934,5.16070,FILLED,44.1,44.1,1746021645665,225.32189400000001
BNBUSDC,SELL,LIMIT,IOC,0.01,588.549,591.450,FILLED,0.01,0.01,1746021646349,5.88549
LEVER,SELL,LIMIT,IOC,80165,0.0006336,0.0006463,FILLED,8646,80165,1746021646456,50.792544
VET,SELL,LIMIT,IOC,406,0.025370,0.025560,FILLED,406,406,1746021646595,10.30022
SUIUSDC,SELL,LIMIT,IOC,2008.0,3.272016,3.301410,FILLED,57.2,2008.0,1746021647593,6570.208127999999
LINKUSDC,SELL,LIMIT,IOC,841.63,13.778,13.829,FILLED,29.68,841.63,1746021647594,11595.978140000001
AVAX,SELL,LIMIT,IOC,570,20.2853,20.3560,FILLED,37,570,1746021647594,11562.621
BRETT,SELL,LIMIT,IOC,418,0.0559541,0.0561700,FILLED,418,418,1746021650116,23.3888138
PLUME,SELL,LIMIT,IOC,2113,0.1789069,0.1826000,FILLED,2113,2113,1746021650461,378.0302797
S,BUY,LIMIT,IOC,24,0.4747346,0.4709000,FILLED,24,24,1746021653125,11.3936304
BRETT,SELL,LIMIT,IOC,22331,0.0558345,0.0560411,FILLED,1695,22331,1746021653278,1246.8402195
BANK,SELL,LIMIT,IOC,36805,0.0333389,0.0337705,FILLED,1456,36805,1746021656302,1227.0382144999999
ETH,BUY,LIMIT,IOC,3.609,1745.29,1741.81,FILLED,3.195,3.609,1746021657720,6298.75161
POL,BUY,LIMIT,IOC,334,0.2287449,0.2268300,FILLED,334,334,1746021658565,76.4007966
ETH,BUY,LIMIT,IOC,3.738,1748.41,1742.72,FILLED,2.001,3.738,1746021659262,6535.55658
LQTY,SELL,LIMIT,IOC,310.1,0.650973,0.666800,FILLED,26.7,310.1,1746021659352,201.86672730000004
ENA,BUY,LIMIT,IOC,4318,0.3072561,0.3048000,FILLED,2372,4318,1746021660413,1326.7318398
INIT,BUY,LIMIT,IOC,594,0.7584316,0.7530000,FILLED,185,594,1746021660449,450.5083704
ETH,BUY,LIMIT,IOC,1.892,1749.33,1744.75,FILLED,1.892,1.892,1746021660503,3309.7323599999995
TRUMP,BUY,LIMIT,IOC,331.26,12.215120,12.111850,FILLED,0.62,331.26,1746021660517,4046.3806512
VIRTUAL,BUY,LIMIT,IOC,8.5,1.2206426,1.2114000,FILLED,8.5,8.5,1746021660890,10.3754621
AIOT,BUY,LIMIT,IOC,94,0.2771119,0.2764100,FILLED,94,94,1746021661150,26.0485186
BTC,BUY,LIMIT,IOC,0.019,93426.51,93085.90,FILLED,0.019,0.019,1746021661150,1775.10369
ETHUSDC,BUY,LIMIT,IOC,1.294,1750.44,1745.28,FILLED,1.070,1.294,1746021661537,2265.06936
ETH,BUY,LIMIT,IOC,0.024,1750.34,1744.59,FILLED,0.012,0.024,1746021661629,42.00816
RENDER,BUY,LIMIT,IOC,107.4,4.1885166,4.1550000,FILLED,107.4,107.4,1746021661673,449.84668284
FET,BUY,LIMIT,IOC,232,0.6893833,0.6839000,FILLED,232,232,1746021661697,159.9369256
OM,BUY,LIMIT,IOC,919.8,0.4774575,0.4736487,FILLED,476.0,919.8,1746021661883,439.16540849999996
TRUMP,BUY,LIMIT,IOC,26.81,12.217374,12.118000,FILLED,26.81,26.81,1746021662321,327.54779693999996
CTK,BUY,LIMIT,IOC,72,0.4575584,0.4543000,FILLED,72,72,1746021662500,32.9442048
VIRTUAL,BUY,LIMIT,IOC,46.4,1.2219197,1.2118000,FILLED,46.4,46.4,1746021662586,56.69707407999999
KERNEL,BUY,LIMIT,IOC,1281,0.1758377,0.1746000,FILLED,956,1281,1746021662747,225.24809370000003
ETH,BUY,LIMIT,IOC,0.252,1750.91,1744.90,FILLED,0.252,0.252,1746021662798,441.22932000000003
SUI,BUY,LIMIT,IOC,25.0,3.346639,3.319100,FILLED,25.0,25.0,1746021662825,83.665975
SIGN,BUY,LIMIT,IOC,1984,0.0923013,0.0914400,FILLED,1984,1984,1746021663239,183.1257792
BTC,BUY,LIMIT,IOC,0.002,93455.98,93136.80,FILLED,0.002,0.002,1746021663267,186.91196
1000PEPE,BUY,LIMIT,IOC,18931,0.0085553,0.0085189,FILLED,6270,18931,1746021663267,161.9603843
WCT,BUY,LIMIT,IOC,1215,0.3754827,0.3720000,FILLED,515,1215,1746021663395,456.2114805
SOL,BUY,LIMIT,IOC,5.71,141.7338,141.1100,FILLED,5.71,5.71,1746021664180,809.299998
TRUMP,BUY,LIMIT,IOC,24.83,12.247004,12.127660,FILLED,13.07,24.83,1746021664206,304.09310932
ETH,BUY,LIMIT,IOC,2.024,1752.01,1745.18,FILLED,2.024,2.024,1746021664223,3546.06824
TAO,BUY,LIMIT,IOC,0.626,340.80,337.62,FILLED,0.286,0.626,1746021664242,213.3408
OM,BUY,LIMIT,IOC,5292.6,0.4782308,0.4736280,FILLED,305.3,5292.6,1746021664321,2531.0843320800004
SUI,BUY,LIMIT,IOC,75.5,3.351361,3.321500,FILLED,75.5,75.5,1746021664400,253.02775549999998
SIGN,BUY,LIMIT,IOC,1096,0.0923400,0.0914400,FILLED,162,1096,1746021665351,101.20464000000001
CETUS,BUY,LIMIT,IOC,51473,0.1987718,0.1966920,FILLED,333,51473,1746021665454,10231.380861399999
SUI,BUY,LIMIT,IOC,26.1,3.353471,3.321200,FILLED,26.1,26.1,1746021666106,87.5255931
ETH,BUY,LIMIT,IOC,0.309,1752.06,1745.03,FILLED,0.309,0.309,1746021666112,541.38654
ORDI,BUY,LIMIT,IOC,2.0,7.686010,7.622000,FILLED,2.0,2.0,1746021666177,15.37202
FARTCOIN,BUY,LIMIT,IOC,5.6,1.0861020,1.0808000,FILLED,5.6,5.6,1746021666202,6.0821711999999994
SAFE,BUY,LIMIT,IOC,25,0.5076988,0.5028000,FILLED,25,25,1746021666238,12.69247
PROMPT,BUY,LIMIT,IOC,538,0.4034278,0.3982000,FILLED,55,538,1746021666539,217.0441564
TRUMP,BUY,LIMIT,IOC,31.48,12.268549,12.168000,FILLED,31.48,31.48,1746021667284,386.21392252
AIOT,BUY,LIMIT,IOC,412,0.2795097,0.2774000,FILLED,412,412,1746021667610,115.15799640000002
XRP,BUY,LIMIT,IOC,3243.5,2.1512,2.1419,FILLED,3243.5,3243.5,1746021668313,6977.417199999999
SIGN,BUY,LIMIT,IOC,4031,0.0923643,0.0914774,FILLED,173,4031,1746021668566,372.3204933
ETHUSDC,BUY,LIMIT,IOC,0.230,1752.97,1746.92,FILLED,0.093,0.230,1746021669151,403.1831
ETH,BUY,LIMIT,IOC,0.223,1752.50,1746.65,FILLED,0.154,0.223,1746021669259,390.8075
TRUMP,BUY,LIMIT,IOC,159.16,12.278501,12.181000,FILLED,115.00,159.16,1746021669284,1954.24621916
1000PEPE,BUY,LIMIT,IOC,28024,0.0085791,0.0085332,FILLED,28024,28024,1746021669406,240.4206984
SUI,BUY,LIMIT,IOC,53.2,3.353788,3.328193,FILLED,51.6,53.2,1746021669623,178.42152160000003
MEMEFI,BUY,LIMIT,IOC,10748,0.0034884,0.0034440,FILLED,3916,10748,1746021670283,37.4933232
TRUMP,BUY,LIMIT,IOC,41.40,12.293762,12.190000,FILLED,41.40,41.40,1746021670319,508.96174679999996
BABY,BUY,LIMIT,IOC,837,0.0959560,0.0946552,FILLED,438,837,1746021670515,80.315172
SOLUSDC,BUY,LIMIT,IOC,2.85,141.8293,141.2800,FILLED,2.85,2.85,1746021670528,404.213505
DEEP,BUY,LIMIT,IOC,1616,0.1809918,0.1788163,FILLED,516,1616,1746021671228,292.4827488
POL,BUY,LIMIT,IOC,4830,0.2298513,0.2277881,FILLED,4231,4830,1746021671293,1110.181779
ETH,BUY,LIMIT,IOC,0.760,1753.11,1747.73,FILLED,0.760,0.760,1746021671312,1332.3636
BTC,BUY,LIMIT,IOC,0.003,93563.37,93219.50,FILLED,0.003,0.003,1746021671312,280.69011
XRP,BUY,LIMIT,IOC,158.5,2.1529,2.1438,FILLED,5.1,158.5,1746021671335,341.23465
MEMEFI,BUY,LIMIT,IOC,314435,0.0034919,0.0034492,FILLED,106570,314435,1746021671338,1097.9755765
AVAX,BUY,LIMIT,IOC,7,20.6243,20.5320,FILLED,6,7,1746021671338,144.3701
1000PEPE,BUY,LIMIT,IOC,17832,0.0085855,0.0085410,FILLED,2003,17832,1746021671365,153.096636
SUI,BUY,LIMIT,IOC,4.1,3.355134,3.331800,FILLED,4.1,4.1,1746021671679,13.756049399999998
TRUMP,BUY,LIMIT,IOC,171.93,12.307095,12.190678,FILLED,30.23,171.93,1746021672206,2115.9588433500003
SOL,BUY,LIMIT,IOC,59.71,141.9277,141.3500,FILLED,20.37,59.71,1746021672309,8474.502966999999
PUNDIX,BUY,LIMIT,IOC,1875,0.5207928,0.5166484,FILLED,119,1875,1746021672558,976.4864999999999
ETH,BUY,LIMIT,IOC,1.000,1753.64,1747.53,FILLED,1.000,1.000,1746021672622,1753.64
BTC,BUY,LIMIT,IOC,0.007,93593.42,93210.94,FILLED,0.005,0.007,1746021672734,655.15394
1000PEPE,BUY,LIMIT,IOC,1657,0.0085891,0.0085476,FILLED,1657,1657,1746021673197,14.2321387
CTK,BUY,LIMIT,IOC,28,0.4593885,0.4565000,FILLED,28,28,1746021673216,12.862877999999998
SUI,BUY,LIMIT,IOC,31.7,3.361441,3.331796,FILLED,0.3,31.7,1746021673322,106.55767970000001
DOGE,BUY,LIMIT,IOC,2924,0.169062,0.168240,FILLED,2924,2924,1746021674307,494.33728799999994
VOXEL,BUY,LIMIT,IOC,7217,0.1173943,0.1151491,FILLED,15,7217,1746021675152,847.2346630999999
AIOT,BUY,LIMIT,IOC,478,0.2801616,0.2753426,FILLED,8,478,1746021676167,133.9172448
VOXEL,BUY,LIMIT,IOC,805,0.1174621,0.1153400,FILLED,805,805,1746021678423,94.5569905
VOXEL,BUY,LIMIT,IOC,61,0.1176102,0.1150600,FILLED,61,61,1746021679836,7.1742222
ETH,BUY,LIMIT,IOC,3.885,1754.52,1748.20,FILLED,0.549,3.885,1746021681095,6816.3102
VIRTUAL,BUY,LIMIT,IOC,18.8,1.2316729,1.2225000,FILLED,2.5,18.8,1746021681098,23.15545052
SUIUSDC,BUY,LIMIT,IOC,240.9,3.364286,3.334904,FILLED,49.7,240.9,1746021681500,810.4564974
MINA,BUY,LIMIT,IOC,1141,0.2341549,0.2308000,FILLED,128,1141,1746021682313,267.1707409
TAO,BUY,LIMIT,IOC,10.000,342.17,339.51,FILLED,0.725,10.000,1746021683039,3421.7000000000003
SUI,BUY,LIMIT,IOC,148.0,3.366907,3.335000,FILLED,54.3,148.0,1746021683176,498.302236
SOL,BUY,LIMIT,IOC,24.86,142.0384,141.3800,FILLED,21.45,24.86,1746021683252,3531.074624
PROMPT,BUY,LIMIT,IOC,319,0.4046773,0.3991000,FILLED,257,319,1746021685436,129.0920587
ETH,BUY,LIMIT,IOC,1.614,1755.18,1748.52,FILLED,1.614,1.614,1746021685472,2832.86052
TRUMP,BUY,LIMIT,IOC,9.96,12.340328,12.216000,FILLED,8.94,9.96,1746021686068,122.90966688
BTC,BUY,LIMIT,IOC,0.043,93617.79,93240.20,FILLED,0.043,0.043,1746021686252,4025.5649699999994
TAO,BUY,LIMIT,IOC,4.513,342.54,339.70,FILLED,0.119,4.513,1746021686379,1545.88302
DOGE,BUY,LIMIT,IOC,10840,0.169193,0.168513,FILLED,4328,10840,1746021687110,1834.05212
VIRTUAL,BUY,LIMIT,IOC,2488.4,1.2375535,1.2283067,FILLED,239.3,2488.4,1746021688431,3079.5281294
ETH,BUY,LIMIT,IOC,0.771,1755.41,1749.64,FILLED,0.771,0.771,1746021688464,1353.42111
XRP,BUY,LIMIT,IOC,117.3,2.1546,2.1443,FILLED,117.3,117.3,1746021688841,252.73457999999997
BTC,BUY,LIMIT,IOC,0.024,93642.18,93248.50,FILLED,0.024,0.024,1746021689243,2247.41232
SIGN,BUY,LIMIT,IOC,1645,0.0924208,0.0914400,FILLED,1645,1645,1746021689666,152.032216
AIOT,SELL,LIMIT,IOC,2950,0.2679973,0.2730058,FILLED,649,2950,1746021689984,790.592035
ETH,BUY,LIMIT,IOC,1.501,1755.70,1748.05,FILLED,1.501,1.501,1746021690346,2635.3057
DOGE,BUY,LIMIT,IOC,45,0.169244,0.168300,FILLED,45,45,1746021690718,7.61598
HYPER,BUY,LIMIT,IOC,1333,0.1861747,0.1842000,FILLED,1333,1333,1746021691250,248.1708751
CETUS,BUY,LIMIT,IOC,1377,0.2002421,0.1977593,FILLED,1285,1377,1746021691681,275.7333717
BROCCOLIF3B,BUY,LIMIT,IOC,692,0.0375881,0.0370016,FILLED,443,692,1746021694643,26.0109652
HIFI,SELL,LIMIT,IOC,13794,0.2431236,0.2462566,FILLED,1350,13794,1746021703545,3353.6469383999997
SOL,BUY,LIMIT,IOC,141.55,142.0903,141.3600,FILLED,10.29,141.55,1746021703562,20112.881965000004
XRP,BUY,LIMIT,IOC,211.1,2.1561,2.1463,FILLED,211.1,211.1,1746021705289,455.15270999999996
BTCUSDC,BUY,LIMIT,IOC,0.061,93675.9,93308.0,FILLED,0.061,0.061,1746021705513,5714.229899999999
AIOT,SELL,LIMIT,IOC,290,0.2677482,0.2721500,FILLED,290,290,1746021706115,77.646978
SUIUSDC,BUY,LIMIT,IOC,1514.8,3.371556,3.339466,FILLED,63.3,1514.8,1746021706144,5107.2330288
DOGE,BUY,LIMIT,IOC,8991,0.169349,0.168540,FILLED,8991,8991,1746021706313,1522.616859
POPCAT,BUY,LIMIT,IOC,45,0.3537112,0.3491000,FILLED,45,45,1746021706501,15.917004
FET,BUY,LIMIT,IOC,1585,0.6940011,0.6874458,FILLED,421,1585,1746021707467,1099.9917435
AIOT,SELL,LIMIT,IOC,637,0.2672179,0.2710995,FILLED,157,637,1746021708409,170.21780230000002
ETH,BUY,LIMIT,IOC,0.190,1756.04,1749.28,FILLED,0.190,0.190,1746021710469,333.6476
AIOT,SELL,LIMIT,IOC,5498,0.2665837,0.2700000,FILLED,5498,5498,1746021711052,1465.6771826
INIT,BUY,LIMIT,IOC,621,0.7663613,0.7603000,FILLED,621,621,1746021711246,475.9103673
SUI,BUY,LIMIT,IOC,4366.0,3.373190,3.341819,FILLED,3137.4,4366.0,1746021712138,14727.34754
AIOT,SELL,LIMIT,IOC,3884,0.2663700,0.2708769,FILLED,89,3884,1746021712141,1034.58108
ADA,BUY,LIMIT,IOC,420,0.67428,0.67120,FILLED,420,420,1746021712201,283.1976
XRP,BUY,LIMIT,IOC,55.0,2.1577,2.1482,FILLED,55.0,55.0,1746021712210,118.6735
ETH,BUY,LIMIT,IOC,0.315,1756.71,1749.67,FILLED,0.315,0.315,1746021712319,553.36365
BTC,BUY,LIMIT,IOC,0.006,93656.87,93290.90,FILLED,0.006,0.006,1746021712319,561.9412199999999
FIL,BUY,LIMIT,IOC,5.2,2.716,2.703,FILLED,5.2,5.2,1746021712379,14.1232
BR,BUY,LIMIT,IOC,231,0.0519386,0.0504396,FILLED,112,231,1746021713294,11.9978166
SOL,BUY,LIMIT,IOC,1.33,142.1476,141.4800,FILLED,1.33,1.33,1746021713328,189.05630800000003
TRUMP,BUY,LIMIT,IOC,96.88,12.361076,12.252000,FILLED,96.88,96.88,1746021713419,1197.54104288
PROMPT,BUY,LIMIT,IOC,959,0.4066260,0.4012000,FILLED,938,959,1746021713495,389.95433399999996
DOGE,BUY,LIMIT,IOC,431,0.169431,0.168740,FILLED,431,431,1746021713625,73.024761
ETH,BUY,LIMIT,IOC,0.139,1757.12,1750.74,FILLED,0.139,0.139,1746021714063,244.23968
XRP,BUY,LIMIT,IOC,806.0,2.1592,2.1487,FILLED,394.4,806.0,1746021714073,1740.3151999999998
ZEREBRO,BUY,LIMIT,IOC,670,0.0443324,0.0439000,FILLED,670,670,1746021714226,29.702708
1000PEPE,BUY,LIMIT,IOC,985914,0.0086212,0.0085695,FILLED,247048,985914,1746021714434,8499.7617768
INIT,BUY,LIMIT,IOC,56,0.7680315,0.7617000,FILLED,56,56,1746021714492,43.009764
LDO,BUY,LIMIT,IOC,2321,0.805572,0.801486,FILLED,1963,2321,1746021714623,1869.7326119999998
EOS,BUY,LIMIT,IOC,978.8,0.665,0.663,FILLED,978.8,978.8,1746021715362,650.902
ETH,BUY,LIMIT,IOC,0.096,1757.65,1750.89,FILLED,0.096,0.096,1746021715388,168.73440000000002
SUI,BUY,LIMIT,IOC,14.7,3.375202,3.342800,FILLED,14.7,14.7,1746021715498,49.615469399999995
OM,BUY,LIMIT,IOC,929.0,0.4818391,0.4772324,FILLED,77.4,929.0,1746021715545,447.6285239
ETH,BUY,LIMIT,IOC,3.024,1758.00,1751.31,FILLED,0.314,3.024,1746021717231,5316.192
BTC,BUY,LIMIT,IOC,0.060,93677.55,93305.30,FILLED,0.060,0.060,1746021717371,5620.653
LINK,BUY,LIMIT,IOC,9.32,14.045,13.979,FILLED,9.32,9.32,1746021717464,130.8994
LINK,BUY,LIMIT,IOC,30.78,14.047,13.980,FILLED,0.55,30.78,1746021718555,432.36666
TRUMP,BUY,LIMIT,IOC,7.09,12.373373,12.259000,FILLED,7.09,7.09,1746021719057,87.72721457
ETH,BUY,LIMIT,IOC,0.291,1758.34,1751.81,FILLED,0.053,0.291,1746021719095,511.67693999999995
SIGN,BUY,LIMIT,IOC,2621,0.0925144,0.0917818,FILLED,492,2621,1746021719095,242.48024239999998
BTC,BUY,LIMIT,IOC,0.008,93676.75,93324.40,FILLED,0.008,0.008,1746021719095,749.414
BTC,BUY,LIMIT,IOC,0.018,93686.53,93315.50,FILLED,0.018,0.018,1746021720101,1686.3575399999997
BTCUSDC,BUY,LIMIT,IOC,0.011,93726.7,93350.1,FILLED,0.011,0.011,1746021720324,1030.9937
SIGN,BUY,LIMIT,IOC,4079,0.0925900,0.0918300,FILLED,693,4079,1746021720383,377.67461000000003
ETH,BUY,LIMIT,IOC,0.588,1758.53,1751.53,FILLED,0.588,0.588,1746021720408,1034.0156399999998
VIRTUAL,BUY,LIMIT,IOC,284.2,1.2439444,1.2339000,FILLED,69.0,284.2,1746021720502,353.52899848
ARC,BUY,LIMIT,IOC,748,0.0555773,0.0545600,FILLED,748,748,1746021721433,41.5718204
SIGN,BUY,LIMIT,IOC,306,0.0926691,0.0918500,FILLED,306,306,1746021722547,28.356744600000003
AKT,BUY,LIMIT,IOC,7.4,1.5202399,1.5060000,FILLED,7.4,7.4,1746021723338,11.24977526
MEMEFI,BUY,LIMIT,IOC,59862,0.0035069,0.0034320,FILLED,6923,59862,1746021724680,209.93004779999998
PUNDIX,BUY,LIMIT,IOC,17662,0.5255000,0.5197821,FILLED,842,17662,1746021725355,9281.381
AIOT,BUY,LIMIT,IOC,366,0.2774683,0.2724505,FILLED,251,366,1746021726038,101.5533978
PAXG,SELL,LIMIT,IOC,0.577,3274.8543,3307.2672,FILLED,0.472,0.577,1746021728602,1889.5909310999998
SUI,BUY,LIMIT,IOC,177.1,3.378303,3.344500,FILLED,109.8,177.1,1746021730249,598.2974612999999
SUI,BUY,LIMIT,IOC,729.6,3.379613,3.344355,FILLED,25.5,729.6,1746021731524,2465.7656448000002
MEMEFI,SELL,LIMIT,IOC,69195,0.0033782,0.0034240,FILLED,17679,69195,1746021735433,233.754549
S,SELL,LIMIT,IOC,62,0.4736961,0.4787000,FILLED,62,62,1746021739429,29.3691582
AIOT,SELL,LIMIT,IOC,2724,0.2681931,0.2727800,FILLED,37,2724,1746021749301,730.5580044000001
BTC,BUY,LIMIT,IOC,0.004,93714.82,93358.80,FILLED,0.004,0.004,1746021763118,374.85928
SUI,BUY,LIMIT,IOC,615.9,3.383440,3.352800,FILLED,255.3,615.9,1746021763181,2083.8606959999997
XRP,BUY,LIMIT,IOC,299.2,2.1595,2.1490,FILLED,299.2,299.2,1746021764130,646.1224
SUI,BUY,LIMIT,IOC,3344.4,3.383787,3.347575,FILLED,2763.2,3344.4,1746021764610,11316.7372428
ENA,BUY,LIMIT,IOC,2732,0.3102308,0.3072937,FILLED,2364,2732,1746021765219,847.5505456
ETH,BUY,LIMIT,IOC,0.639,1758.56,1751.21,FILLED,0.639,0.639,1746021765229,1123.71984
BTC,BUY,LIMIT,IOC,0.165,93720.83,93344.90,FILLED,0.165,0.165,1746021765229,15463.936950000001
INIT,BUY,LIMIT,IOC,3272,0.7689321,0.7621094,FILLED,903,3272,1746021767139,2515.9458312
PUNDIX,SELL,LIMIT,IOC,187,0.5091000,0.5121000,FILLED,187,187,1746021767393,95.2017
INIT,BUY,LIMIT,IOC,758,0.7697327,0.7620000,FILLED,464,758,1746021768465,583.4573866000001
BTC,BUY,LIMIT,IOC,0.070,93741.52,93382.60,FILLED,0.058,0.070,1746021769541,6561.906400000001
BTC,BUY,LIMIT,IOC,0.016,93756.67,93391.00,FILLED,0.003,0.016,1746021771347,1500.10672
TRUMP,BUY,LIMIT,IOC,327.27,12.383932,12.261000,FILLED,5.30,327.27,1746021771400,4052.88942564
BCH,BUY,LIMIT,IOC,6.180,361.03,359.03,FILLED,3.077,6.180,1746021772236,2231.1654
SHELL,BUY,LIMIT,IOC,1596,0.2334405,0.2291000,FILLED,71,1596,1746021772352,372.571038
ETH,BUY,LIMIT,IOC,0.015,1759.47,1752.36,FILLED,0.015,0.015,1746021772639,26.39205
BTC,BUY,LIMIT,IOC,0.030,93766.21,93410.00,FILLED,0.030,0.030,1746021773272,2812.9863
ETHUSDC,BUY,LIMIT,IOC,0.016,1760.16,1753.21,FILLED,0.016,0.016,1746021774475,28.162560000000003
SUI,BUY,LIMIT,IOC,98.4,3.386986,3.352100,FILLED,98.4,98.4,1746021774599,333.2794224
ETH,BUY,LIMIT,IOC,0.171,1759.69,1752.13,FILLED,0.171,0.171,1746021775055,300.90699
FARTCOIN,BUY,LIMIT,IOC,9351.0,1.0996184,1.0872000,FILLED,9351.0,9351.0,1746021776389,10282.5316584
ETHUSDC,BUY,LIMIT,IOC,0.332,1760.33,1753.49,FILLED,0.306,0.332,1746021777166,584.42956
SUI,BUY,LIMIT,IOC,83.8,3.387926,3.355605,FILLED,4.7,83.8,1746021777183,283.90819880000004
ETH,BUY,LIMIT,IOC,0.835,1759.98,1752.82,FILLED,0.835,0.835,1746021778281,1469.5833
ADA,BUY,LIMIT,IOC,14986,0.67505,0.67160,FILLED,3839,14986,1746021778295,10116.2993
TRUMP,BUY,LIMIT,IOC,1.00,12.401217,12.275000,FILLED,1.00,1.00,1746021778593,12.401217
INIT,BUY,LIMIT,IOC,251,0.7707232,0.7629000,FILLED,106,251,1746021779518,193.45152320000003
ARKM,BUY,LIMIT,IOC,1347,0.5656260,0.5610000,FILLED,1347,1347,1746021780523,761.8982219999999
BTC,BUY,LIMIT,IOC,0.008,93806.80,93476.60,FILLED,0.008,0.008,1746021780553,750.4544000000001
ETH,BUY,LIMIT,IOC,0.050,1760.02,1752.87,FILLED,0.050,0.050,1746021780637,88.001
AVAX,BUY,LIMIT,IOC,1,20.7489,20.6490,FILLED,1,1,1746021781408,20.7489
XRP,BUY,LIMIT,IOC,4.1,2.1625,2.1511,FILLED,4.1,4.1,1746021781606,8.866249999999999
INIT,BUY,LIMIT,IOC,31,0.7707410,0.7631000,FILLED,31,31,1746021781641,23.892971
ETH,BUY,LIMIT,IOC,0.076,1760.15,1752.27,FILLED,0.076,0.076,1746021781717,133.7714
BTC,BUY,LIMIT,IOC,0.002,93834.10,93452.80,FILLED,0.002,0.002,1746021781736,187.6682
VIRTUAL,BUY,LIMIT,IOC,28.7,1.2472367,1.2350243,FILLED,3.5,28.7,1746021781747,35.795693289999996
TRUMP,BUY,LIMIT,IOC,8.20,12.404437,12.286000,FILLED,8.20,8.20,1746021782518,101.71638339999998
ETH,BUY,LIMIT,IOC,0.307,1760.32,1752.02,FILLED,0.307,0.307,1746021783137,540.41824
BTC,BUY,LIMIT,IOC,0.003,93843.02,93471.50,FILLED,0.003,0.003,1746021783236,281.52906
VIRTUAL,BUY,LIMIT,IOC,1210.9,1.2476098,1.2363985,FILLED,477.3,1210.9,1746021783276,1510.73070682
SUI,BUY,LIMIT,IOC,107.4,3.391662,3.356925,FILLED,27.6,107.4,1746021783350,364.2644988
TAO,BUY,LIMIT,IOC,147.319,346.38,341.75,FILLED,1.695,147.319,1746021783374,51028.35522
BTC,BUY,LIMIT,IOC,0.053,93851.63,93480.00,FILLED,0.053,0.053,1746021784329,4974.13639
TRUMP,BUY,LIMIT,IOC,1240.58,12.450849,12.281349,FILLED,116.71,1240.58,1746021784523,15446.274252419998
AXL,BUY,LIMIT,IOC,20.2,0.3823749,0.3787000,FILLED,20.2,20.2,1746021785106,7.72397298
SIGN,BUY,LIMIT,IOC,13994,0.0929706,0.0924309,FILLED,3162,13994,1746021786065,1301.0305764
VIRTUAL,BUY,LIMIT,IOC,568.5,1.2496466,1.2361146,FILLED,83.5,568.5,1746021787396,710.4240920999999
BTC,BUY,LIMIT,IOC,0.003,93864.78,93494.80,FILLED,0.003,0.003,1746021787429,281.59434
BTCUSDC,BUY,LIMIT,IOC,0.004,93896.7,93506.0,FILLED,0.004,0.004,1746021787637,375.5868
SIGN,BUY,LIMIT,IOC,25000,0.0930499,0.0923749,FILLED,2165,25000,1746021788474,2326.2475
CATI,BUY,LIMIT,IOC,6267,0.1134850,0.1130326,FILLED,817,6267,1746021789111,711.210495
BTC,BUY,LIMIT,IOC,0.052,93885.21,93518.40,FILLED,0.052,0.052,1746021790076,4882.03092
CETUS,BUY,LIMIT,IOC,128,0.2026089,0.2010200,FILLED,128,128,1746021790295,25.9339392
MKR,BUY,LIMIT,IOC,0.007,1470.85,1462.10,FILLED,0.007,0.007,1746021790669,10.29595
SIGN,BUY,LIMIT,IOC,109228,0.0934389,0.0924303,FILLED,20706,109228,1746021791052,10206.1441692
SIGN,BUY,LIMIT,IOC,5704,0.0932641,0.0924400,FILLED,5704,5704,1746021792141,531.9784264
ENA,BUY,LIMIT,IOC,298,0.3113000,0.3083000,FILLED,298,298,1746021792578,92.76740000000001
SUI,BUY,LIMIT,IOC,107.3,3.394322,3.363100,FILLED,107.3,107.3,1746021792641,364.2107506
XRP,BUY,LIMIT,IOC,5.8,2.1625,2.1527,FILLED,5.8,5.8,1746021792641,12.5425
CATI,BUY,LIMIT,IOC,2877,0.1138847,0.1134000,FILLED,2877,2877,1746021793076,327.6462819
TRUMP,BUY,LIMIT,IOC,0.82,12.415471,12.288000,FILLED,0.82,0.82,1746021793134,10.18068622
TURBO,BUY,LIMIT,IOC,9222,0.0043525,0.0043087,FILLED,749,9222,1746021793140,40.138754999999996
FARTCOIN,BUY,LIMIT,IOC,40.8,1.0983685,1.0890000,FILLED,40.8,40.8,1746021793142,44.8134348
CATI,BUY,LIMIT,IOC,380,0.1142860,0.1135000,FILLED,380,380,1746021794119,43.42868
CTK,BUY,LIMIT,IOC,110,0.4625862,0.4598000,FILLED,7,110,1746021795322,50.884482
VIRTUAL,BUY,LIMIT,IOC,258.6,1.2532404,1.2410851,FILLED,110.1,258.6,1746021796047,324.08796744
PENGU,SELL,LIMIT,IOC,853,0.0100417,0.0101330,FILLED,853,853,1746021797068,8.5655701
VIRTUAL,BUY,LIMIT,IOC,37.8,1.2538433,1.2392000,FILLED,37.8,37.8,1746021797068,47.39527673999999
CATI,BUY,LIMIT,IOC,960,0.1145436,0.1137000,FILLED,960,960,1746021807225,109.961856
CTK,BUY,LIMIT,IOC,66,0.4644421,0.4599000,FILLED,66,66,1746021816114,30.6531786
MEMEFI,SELL,LIMIT,IOC,323529,0.0033727,0.0034196,FILLED,67526,323529,1746021816343,1091.1662583
AIOT,SELL,LIMIT,IOC,922,0.2666270,0.2703030,FILLED,599,922,1746021816494,245.830094
AIOT,SELL,LIMIT,IOC,2051,0.2662297,0.2694693,FILLED,727,2051,1746021817497,546.0371147000001
AIOT,SELL,LIMIT,IOC,92,0.2657318,0.2692700,FILLED,92,92,1746021819528,24.447325600000003
ETH,BUY,LIMIT,IOC,0.225,1760.36,1753.01,FILLED,0.225,0.225,1746021823284,396.08099999999996
AIOT,SELL,LIMIT,IOC,4438,0.2659187,0.2739790,FILLED,1347,4438,1746021824500,1180.1471906
ETH,BUY,LIMIT,IOC,20.000,1760.47,1753.72,FILLED,19.977,20.000,1746021827471,35209.4
SUI,BUY,LIMIT,IOC,2087.5,3.395893,3.363404,FILLED,220.8,2087.5,1746021829627,7088.9266375
AXL,BUY,LIMIT,IOC,869.2,0.3838441,0.3795940,FILLED,51.7,869.2,1746021830531,333.63729172000006
AIOT,BUY,LIMIT,IOC,3757,0.2763690,0.2734744,FILLED,6,3757,1746021833326,1038.318333
AIOT,BUY,LIMIT,IOC,208,0.2772819,0.2735973,FILLED,6,208,1746021834406,57.674635200000004
SUI,BUY,LIMIT,IOC,552.9,3.398050,3.362723,FILLED,262.9,552.9,1746021835235,1878.781845
VIRTUAL,BUY,LIMIT,IOC,1022.0,1.2566477,1.2442014,FILLED,1.8,1022.0,1746021837093,1284.2939494
AIOT,BUY,LIMIT,IOC,56,0.2779043,0.2744000,FILLED,56,56,1746021838333,15.5626408
FARTCOIN,BUY,LIMIT,IOC,10.4,1.0999619,1.0897000,FILLED,10.4,10.4,1746021846377,11.43960376
TAO,BUY,LIMIT,IOC,0.463,345.95,342.71,FILLED,0.027,0.463,1746021849071,160.17485
1000PEPE,BUY,LIMIT,IOC,6274,0.0086372,0.0085766,FILLED,6274,6274,1746021850168,54.1897928
VIRTUAL,BUY,LIMIT,IOC,1014.9,1.2568829,1.2443268,FILLED,96.4,1014.9,1746021851206,1275.6104552099998
SUSHI,BUY,LIMIT,IOC,4218,0.6465,0.6367,FILLED,235,4218,1746021855295,2726.937
BROCCOLIF3B,BUY,LIMIT,IOC,2766,0.0378477,0.0372069,FILLED,2190,2766,1746021855585,104.6867382
VIRTUAL,BUY,LIMIT,IOC,108.3,1.2577838,1.2481000,FILLED,20.4,108.3,1746021881308,136.21798553999997
VIRTUAL,BUY,LIMIT,IOC,3933.3,1.2581063,1.2480515,FILLED,164.0,3933.3,1746021882397,4948.50950979
SIGN,BUY,LIMIT,IOC,320,0.0933148,0.0923100,FILLED,320,320,1746021890143,29.860736000000003
TAO,BUY,LIMIT,IOC,0.282,346.38,342.55,FILLED,0.282,0.282,1746021899279,97.67916
SIGN,BUY,LIMIT,IOC,3230,0.0935532,0.0924600,FILLED,2043,3230,1746021900224,302.17683600000004
ALGO,SELL,LIMIT,IOC,351.1,0.2123,0.2142,FILLED,323.0,351.1,1746021900413,74.53853
PUNDIX,BUY,LIMIT,IOC,381,0.5189220,0.5143971,FILLED,370,381,1746021905171,197.709282
ALPHA,SELL,LIMIT,IOC,13501,0.03138,0.03182,FILLED,13501,13501,1746021906174,423.66137999999995
INIT,BUY,LIMIT,IOC,100,0.7696381,0.7636000,FILLED,100,100,1746021908232,76.96381
ETH,SELL,LIMIT,IOC,0.189,1740.17,1745.85,FILLED,0.189,0.189,1746021908484,328.89213
ETH,SELL,LIMIT,IOC,1.141,1739.51,1745.32,FILLED,0.781,1.141,1746021909552,1984.78091
AIOT,SELL,LIMIT,IOC,305,0.2672446,0.2710500,FILLED,305,305,1746021910568,81.509603
TRUMP,SELL,LIMIT,IOC,0.66,12.098072,12.225000,FILLED,0.66,0.66,1746021911224,7.984727520000001
REZ,SELL,LIMIT,IOC,30785,0.0138542,0.0140300,FILLED,8966,30785,1746021911226,426.501547
INIT,BUY,LIMIT,IOC,10,0.7707661,0.7641000,FILLED,10,10,1746021911640,7.707661
HYPER,SELL,LIMIT,IOC,168,0.1819727,0.1838000,FILLED,168,168,1746021912507,30.5714136
1000FLOKI,SELL,LIMIT,IOC,1729,0.0854955,0.0863500,FILLED,1025,1729,1746021913586,147.8217195
WCT,SELL,LIMIT,IOC,927,0.3689885,0.3725000,FILLED,243,927,1746021915637,342.0523395
SUI,SELL,LIMIT,IOC,222.1,3.311467,3.344100,FILLED,134.2,222.1,1746021917087,735.4768207
BERA,SELL,LIMIT,IOC,2.5,3.399122,3.429000,FILLED,2.5,2.5,1746021921166,8.497805
JUP,SELL,LIMIT,IOC,478,0.4317543,0.4359000,FILLED,121,478,1746021921514,206.37855539999998
AIOT,SELL,LIMIT,IOC,469,0.2642463,0.2692400,FILLED,469,469,1746021923127,123.9315147
AIOT,SELL,LIMIT,IOC,879,0.2636308,0.2636308,FILLED,879,879,1746021924128,231.7314732
AIOT,SELL,LIMIT,IOC,171,0.2616036,0.2659240,FILLED,101,171,1746021932103,44.7342156
AERO,SELL,LIMIT,IOC,247.9,0.5548327,0.5597519,FILLED,119.0,247.9,1746021939207,137.54302633
AIOT,BUY,LIMIT,IOC,410,0.2718849,0.2677900,FILLED,410,410,1746021947209,111.472809
FARTCOIN,BUY,LIMIT,IOC,92.8,1.0995318,1.0901000,FILLED,92.8,92.8,1746021948231,102.03655104
PUNDIX,SELL,LIMIT,IOC,2533,0.5047529,0.5072421,FILLED,1739,2533,1746021949401,1278.5390957
PUNDIX,SELL,LIMIT,IOC,548,0.5042995,0.5084295,FILLED,386,548,1746021951274,276.356126
PUNDIX,SELL,LIMIT,IOC,9,0.5037380,0.5079000,FILLED,9,9,1746021952345,4.533642
D,SELL,LIMIT,IOC,606,0.0459638,0.0464282,FILLED,109,606,1746021959282,27.8540628
SIGN,BUY,LIMIT,IOC,542,0.0935959,0.0927100,FILLED,542,542,1746021962086,50.728977799999996
XRP,BUY,LIMIT,IOC,19.8,2.1636,2.1533,FILLED,19.8,19.8,1746021984232,42.83928
SUI,BUY,LIMIT,IOC,3.4,3.390860,3.358200,FILLED,3.4,3.4,1746021984585,11.528924
ALPHA,BUY,LIMIT,IOC,6278,0.03246,0.03198,FILLED,1259,6278,1746021989313,203.78388
FIS,BUY,LIMIT,IOC,24,0.2513792,0.2489500,FILLED,24,24,1746021989465,6.033100800000001
TAO,BUY,LIMIT,IOC,5.543,346.81,343.30,FILLED,0.997,5.543,1746021989553,1922.3678300000001
AIOT,SELL,LIMIT,IOC,543,0.2612970,0.2634000,FILLED,119,543,1746021990057,141.884271
AIOT,SELL,LIMIT,IOC,353,0.2609601,0.2624900,FILLED,353,353,1746021992096,92.11891529999998
AIOT,SELL,LIMIT,IOC,199,0.2604967,0.2643579,FILLED,20,199,1746021993114,51.83884330000001
AIOT,SELL,LIMIT,IOC,798,0.2599553,0.2639917,FILLED,207,798,1746021998233,207.4443294
SIGN,BUY,LIMIT,IOC,103,0.0938957,0.0928900,FILLED,103,103,1746022000448,9.6712571
AIOT,SELL,LIMIT,IOC,101,0.2597444,0.2610700,FILLED,101,101,1746022002319,26.2341844
AIOT,SELL,LIMIT,IOC,85,0.2593165,0.2620000,FILLED,85,85,1746022004049,22.0419025
AIOT,SELL,LIMIT,IOC,75,0.2575658,0.2610700,FILLED,75,75,1746022006143,19.317435
BSW,SELL,LIMIT,IOC,3310,0.0469763,0.0477888,FILLED,384,3310,1746022006168,155.49155299999998
TURBO,BUY,LIMIT,IOC,3975,0.0043450,0.0043015,FILLED,3975,3975,1746022006415,17.271375
AIOT,SELL,LIMIT,IOC,1866,0.2572517,0.2622917,FILLED,21,1866,1746022007155,480.03167220000006
S,BUY,LIMIT,IOC,26,0.4868112,0.4821000,FILLED,26,26,1746022010509,12.6570912
FARTCOIN,BUY,LIMIT,IOC,95.4,1.1020095,1.0910000,FILLED,95.4,95.4,1746022011419,105.13170630000002
AIOT,BUY,LIMIT,IOC,157,0.2686746,0.2686746,FILLED,157,157,1746022016072,42.1819122
ENA,BUY,LIMIT,IOC,310,0.3118383,0.3089000,FILLED,310,310,1746022017172,96.66987300000001
HYPER,BUY,LIMIT,IOC,2508,0.1872270,0.1852000,FILLED,1018,2508,1746022017251,469.565316
AIOT,SELL,LIMIT,IOC,1256,0.2568714,0.2638203,FILLED,1214,1256,1746022020212,322.6304784
ETH,BUY,LIMIT,IOC,0.600,1759.31,1752.12,FILLED,0.600,0.600,1746022021196,1055.586
PUNDIX,SELL,LIMIT,IOC,725,0.5046143,0.5092000,FILLED,378,725,1746022030631,365.84536749999995
SIGN,SELL,LIMIT,IOC,7556,0.0912400,0.0915600,FILLED,536,7556,1746022031511,689.40944
BTC,SELL,LIMIT,IOC,0.003,92893.34,93250.30,FILLED,0.003,0.003,1746022033237,278.68002
SIGN,SELL,LIMIT,IOC,9072,0.0908636,0.0918969,FILLED,528,9072,1746022033237,824.3145792
BSW,SELL,LIMIT,IOC,3133,0.0465099,0.0470300,FILLED,13,3133,1746022034140,145.7155167
VIRTUAL,SELL,LIMIT,IOC,64.5,1.2227047,1.2351000,FILLED,64.5,64.5,1746022034178,78.86445315
BSW,SELL,LIMIT,IOC,7562,0.0460756,0.0470824,FILLED,160,7562,1746022035159,348.4236872
MEMEFI,BUY,LIMIT,IOC,33380,0.0035126,0.0034730,FILLED,33380,33380,1746022042320,117.250588
AIOT,SELL,LIMIT,IOC,200,0.2590580,0.2635600,FILLED,200,200,1746022046681,51.8116
VIRTUAL,SELL,LIMIT,IOC,169.3,1.2195834,1.2318875,FILLED,21.0,169.3,1746022048556,206.47546962000004
CTK,SELL,LIMIT,IOC,192,0.4526436,0.4564958,FILLED,88,192,1746022052379,86.90757119999999
HYPER,SELL,LIMIT,IOC,144,0.1825273,0.1843000,FILLED,144,144,1746022056067,26.2839312
AIOT,SELL,LIMIT,IOC,2861,0.2563343,0.2628900,FILLED,295,2861,1746022063141,733.3724323
SIGN,SELL,LIMIT,IOC,5977,0.0907487,0.0916400,FILLED,1781,5977,1746022063153,542.4049799000001
VOXEL,SELL,LIMIT,IOC,4620,0.1069578,0.1094300,FILLED,522,4620,1746022084212,494.145036
AIOT,SELL,LIMIT,IOC,727,0.2569129,0.2625507,FILLED,36,727,1746022084397,186.7756783
COOKIE,SELL,LIMIT,IOC,728,0.1706342,0.1723000,FILLED,620,728,1746022084397,124.22169760000001
VOXEL,SELL,LIMIT,IOC,4056,0.1067390,0.1093005,FILLED,414,4056,1746022090688,432.933384
CATI,BUY,LIMIT,IOC,4419,0.1149955,0.1143000,FILLED,4419,4419,1746022093076,508.1651145
SUI,SELL,LIMIT,IOC,252.9,3.318750,3.348800,FILLED,252.9,252.9,1746022095292,839.311875
SUI,SELL,LIMIT,IOC,40.1,3.317330,3.346460,FILLED,0.8,40.1,1746022098295,133.024933
CATI,BUY,LIMIT,IOC,391,0.1154344,0.1141000,FILLED,391,391,1746022102149,45.134850400000005
FET,SELL,LIMIT,IOC,2922,0.6808910,0.6870941,FILLED,23,2922,1746022102276,1989.563502
PUNDIX,SELL,LIMIT,IOC,2474,0.5036194,0.5069329,FILLED,75,2474,1746022102336,1245.9543956000002
PUNDIX,SELL,LIMIT,IOC,598,0.5023296,0.5069998,FILLED,89,598,1746022108278,300.3931008
PUNDIX,SELL,LIMIT,IOC,56,0.5020857,0.5069000,FILLED,7,56,1746022114152,28.1167992
AIOT,BUY,LIMIT,IOC,5893,0.2669436,0.2637757,FILLED,81,5893,1746022117602,1573.0986348000001
PUNDIX,SELL,LIMIT,IOC,354,0.5005274,0.5009000,FILLED,221,354,1746022131386,177.1866996
PUNDIX,SELL,LIMIT,IOC,63,0.4996860,0.5020000,FILLED,31,63,1746022132540,31.480218
AIOT,BUY,LIMIT,IOC,136,0.2679681,0.2641800,FILLED,136,136,1746022136521,36.4436616
GALA,BUY,LIMIT,IOC,1581,0.01648,0.01633,FILLED,1217,1581,1746022137602,26.054880000000004
AIOT,BUY,LIMIT,IOC,135,0.2688535,0.2645227,FILLED,56,135,1746022140103,36.2952225
SOLV,BUY,LIMIT,IOC,5344,0.0381711,0.0378308,FILLED,460,5344,1746022141518,203.9863584
SIGN,BUY,LIMIT,IOC,3843,0.0934016,0.0925700,FILLED,1174,3843,1746022150499,358.9423488
AKT,SELL,LIMIT,IOC,153.2,1.4600824,1.4720000,FILLED,153.2,153.2,1746022152327,223.68462367999996
SOLV,BUY,LIMIT,IOC,2119,0.0382565,0.0379700,FILLED,2119,2119,1746022154541,81.0655235
SUPER,SELL,LIMIT,IOC,79,0.6536147,0.6599000,FILLED,79,79,1746022154541,51.6355613
SIGN,BUY,LIMIT,IOC,283,0.0936135,0.0924900,FILLED,283,283,1746022159253,26.4926205
INIT,BUY,LIMIT,IOC,1500,0.7762859,0.7680436,FILLED,654,1500,1746022162644,1164.42885
SOLV,BUY,LIMIT,IOC,174,0.0384734,0.0382000,FILLED,174,174,1746022169412,6.694371599999999
AIOT,BUY,LIMIT,IOC,26,0.2707309,0.2667200,FILLED,26,26,1746022169432,7.0390034
AIOT,BUY,LIMIT,IOC,761,0.2708919,0.2687500,FILLED,522,761,1746022171120,206.14873590000002
AIOT,BUY,LIMIT,IOC,28,0.2715049,0.2688300,FILLED,6,28,1746022175112,7.6021372
1000FLOKI,BUY,LIMIT,IOC,9626,0.0876721,0.0868913,FILLED,1332,9626,1746022180080,843.9316346
CATI,BUY,LIMIT,IOC,289,0.1154647,0.1144000,FILLED,289,289,1746022180155,33.369298300000004
TAO,BUY,LIMIT,IOC,0.979,347.56,344.67,FILLED,0.014,0.979,1746022181308,340.26124
AIOT,BUY,LIMIT,IOC,6096,0.2720834,0.2684526,FILLED,716,6096,1746022181391,1658.6204063999999
FARTCOIN,BUY,LIMIT,IOC,598.1,1.1032235,1.0945531,FILLED,263.3,598.1,1746022182243,659.83797535
VINE,SELL,LIMIT,IOC,2216,0.0421143,0.0428600,FILLED,2216,2216,1746022186452,93.3252888
AIOT,BUY,LIMIT,IOC,113,0.2732524,0.2688200,FILLED,113,113,1746022188308,30.8775212
FARTCOIN,BUY,LIMIT,IOC,273.4,1.1042565,1.0962453,FILLED,124.1,273.4,1746022189233,301.90372709999997
CATI,BUY,LIMIT,IOC,15711,0.1157120,0.1145635,FILLED,775,15711,1746022190380,1817.951232
CATI,BUY,LIMIT,IOC,360,0.1157598,0.1149000,FILLED,53,360,1746022196090,41.673528
CATI,BUY,LIMIT,IOC,5444,0.1158963,0.1148000,FILLED,5444,5444,1746022197329,630.9394572
PUNDIX,SELL,LIMIT,IOC,795,0.4937000,0.4995622,FILLED,12,795,1746022201158,392.49150000000003
AIOT,SELL,LIMIT,IOC,42,0.2627643,0.2662000,FILLED,42,42,1746022205164,11.036100600000001
AIOT,SELL,LIMIT,IOC,36,0.2626012,0.2667300,FILLED,36,36,1746022206488,9.453643199999998
BSW,SELL,LIMIT,IOC,1269,0.0459151,0.0468600,FILLED,1060,1269,1746022214095,58.2662619
HYPER,SELL,LIMIT,IOC,1148,0.1818569,0.1835000,FILLED,1148,1148,1746022219472,208.77172119999997
CATI,BUY,LIMIT,IOC,6189,0.1162183,0.1155000,FILLED,1672,6189,1746022223137,719.2750586999999
INIT,SELL,LIMIT,IOC,348,0.7574064,0.7641000,FILLED,83,348,1746022223497,263.5774272
CATI,BUY,LIMIT,IOC,1558,0.1163551,0.1154000,FILLED,1558,1558,1746022225044,181.2812458
NOT,SELL,LIMIT,IOC,1064521,0.0026120,0.0026360,FILLED,135367,1064521,1746022225243,2780.5288520000004
INIT,SELL,LIMIT,IOC,106,0.7568246,0.7638000,FILLED,106,106,1746022227101,80.2234076
AIOT,BUY,LIMIT,IOC,230,0.2726735,0.2697470,FILLED,116,230,1746022235100,62.714905
AIOT,BUY,LIMIT,IOC,150,0.2740855,0.2727900,FILLED,94,150,1746022237642,41.112825
AKT,SELL,LIMIT,IOC,27.1,1.4543148,1.4660000,FILLED,27.1,27.1,1746022241376,39.41193108
CATI,BUY,LIMIT,IOC,1236,0.1166647,0.1156000,FILLED,980,1236,1746022247147,144.1975692
PERP,BUY,LIMIT,IOC,655.0,0.326515,0.320217,FILLED,113.6,655.0,1746022247478,213.867325
CATI,BUY,LIMIT,IOC,96,0.1172616,0.1166000,FILLED,96,96,1746022249069,11.2571136
CTK,SELL,LIMIT,IOC,1051,0.4455633,0.4463000,FILLED,594,1051,1746022250462,468.2870283
CATI,BUY,LIMIT,IOC,1408,0.1173113,0.1162000,FILLED,1408,1408,1746022251123,165.1743104
AIOT,SELL,LIMIT,IOC,190,0.2652052,0.2679900,FILLED,190,190,1746022251239,50.388988
CTK,SELL,LIMIT,IOC,668,0.4441183,0.4470232,FILLED,321,668,1746022252495,296.6710244
AIOT,SELL,LIMIT,IOC,1003,0.2646224,0.2686623,FILLED,365,1003,1746022253548,265.4162672
CATI,BUY,LIMIT,IOC,85,0.1174668,0.1167000,FILLED,68,85,1746022255355,9.984677999999999
CATI,BUY,LIMIT,IOC,1210,0.1177803,0.1167000,FILLED,1210,1210,1746022257145,142.514163
KAVA,SELL,LIMIT,IOC,12.5,0.4282,0.4346,FILLED,12.5,12.5,1746022262278,5.3525
VIRTUAL,BUY,LIMIT,IOC,107.9,1.2443813,1.2328000,FILLED,31.8,107.9,1746022266434,134.26874227
SIGN,BUY,LIMIT,IOC,943,0.0932982,0.0924800,FILLED,943,943,1746022267382,87.9802026
AIOT,SELL,LIMIT,IOC,4112,0.2637896,0.2681456,FILLED,311,4112,1746022270215,1084.7028352
SIGN,BUY,LIMIT,IOC,293,0.0933939,0.0926300,FILLED,270,293,1746022270477,27.3644127
XRP,BUY,LIMIT,IOC,141.1,2.1663,2.1551,FILLED,58.1,141.1,1746022273355,305.66493
CTK,BUY,LIMIT,IOC,330,0.4544799,0.4505430,FILLED,60,330,1746022281540,149.978367
KAVA,SELL,LIMIT,IOC,91.5,0.4252,0.4308,FILLED,91.5,91.5,1746022284537,38.9058
TRUMP,BUY,LIMIT,IOC,1.22,12.416323,12.298000,FILLED,1.22,1.22,1746022291360,15.14791406
AIOT,SELL,LIMIT,IOC,78,0.2627187,0.2693900,FILLED,78,78,1746022293123,20.492058600000004
KAVA,SELL,LIMIT,IOC,402.4,0.4248,0.4303,FILLED,11.9,402.4,1746022298238,170.93952
KAVA,SELL,LIMIT,IOC,224.0,0.4237,0.4248,FILLED,85.4,224.0,1746022311644,94.9088
KAVA,SELL,LIMIT,IOC,4347.5,0.4223,0.4241,FILLED,505.1,4347.5,1746022314116,1835.9492500000001
KAVA,SELL,LIMIT,IOC,2752.7,0.4203,0.4245,FILLED,96.0,2752.7,1746022315172,1156.9598099999998
ALPHA,SELL,LIMIT,IOC,46887,0.03114,0.03145,FILLED,2112,46887,1746022319213,1460.0611800000001
SUI,SELL,LIMIT,IOC,115.0,3.305482,3.337105,FILLED,58.1,115.0,1746022319428,380.13043
INIT,SELL,LIMIT,IOC,50,0.7537414,0.7604000,FILLED,50,50,1746022320472,37.68707
ENA,SELL,LIMIT,IOC,85,0.3041764,0.3073000,FILLED,85,85,1746022322063,25.854994
BTC,SELL,LIMIT,IOC,0.006,92750.46,93100.00,FILLED,0.003,0.006,1746022327065,556.5027600000001
KAVA,SELL,LIMIT,IOC,774.4,0.4195,0.4260,FILLED,187.3,774.4,1746022327107,324.8608
INIT,SELL,LIMIT,IOC,139,0.7531828,0.7601000,FILLED,139,139,1746022337420,104.6924092
SIGN,BUY,LIMIT,IOC,616,0.0937458,0.0928000,FILLED,616,616,1746022354210,57.7474128
BOME,SELL,LIMIT,IOC,163264,0.0014723,0.0014850,FILLED,155158,163264,1746022356228,240.3735872
VOXEL,SELL,LIMIT,IOC,54,0.1066650,0.1084500,FILLED,54,54,1746022358335,5.75991
VOXEL,SELL,LIMIT,IOC,2101,0.1065900,0.1082900,FILLED,1916,2101,1746022359440,223.94559
VOXEL,SELL,LIMIT,IOC,262,0.1064292,0.1082270,FILLED,77,262,1746022360591,27.8844504
SIGN,BUY,LIMIT,IOC,2307,0.0938500,0.0929400,FILLED,2307,2307,1746022362536,216.51195
VOXEL,SELL,LIMIT,IOC,1715,0.1061846,0.1083900,FILLED,134,1715,1746022363402,182.106589
SIGN,BUY,LIMIT,IOC,1640,0.0939805,0.0929700,FILLED,273,1640,1746022367636,154.12802
AIOT,BUY,LIMIT,IOC,141,0.2732769,0.2693600,FILLED,79,141,1746022369141,38.5320429
AIOT,BUY,LIMIT,IOC,3069,0.2735357,0.2693798,FILLED,10,3069,1746022371187,839.4810633
AIOT,BUY,LIMIT,IOC,821,0.2751015,0.2696300,FILLED,821,821,1746022378060,225.8583315
WCT,BUY,LIMIT,IOC,4449,0.3772195,0.3738334,FILLED,1106,4449,1746022379408,1678.2495555
TRUMP,BUY,LIMIT,IOC,12.39,12.419497,12.298000,FILLED,7.34,12.39,1746022387340,153.87756783
1000FLOKI,BUY,LIMIT,IOC,2255,0.0876768,0.0869060,FILLED,215,2255,1746022389111,197.711184
TRUMP,BUY,LIMIT,IOC,12.15,12.426452,12.309000,FILLED,12.15,12.15,1746022390242,150.98139179999998
TRUMP,BUY,LIMIT,IOC,46.86,12.428123,12.309000,FILLED,46.86,46.86,1746022391591,582.3818437799999
XRP,BUY,LIMIT,IOC,326.2,2.1673,2.1568,FILLED,326.2,326.2,1746022408552,706.97326
1000PEPE,BUY,LIMIT,IOC,3465,0.0086405,0.0085852,FILLED,3465,3465,1746022410322,29.939332500000003
TRUMP,BUY,LIMIT,IOC,4.15,12.451323,12.330000,FILLED,1.75,4.15,1746022412579,51.67299045000001
ALPHA,BUY,LIMIT,IOC,5126,0.03233,0.03187,FILLED,5126,5126,1746022413047,165.72358
FARTCOIN,BUY,LIMIT,IOC,1551.3,1.1069807,1.0999684,FILLED,61.1,1551.3,1746022426245,1717.25915991
CATI,BUY,LIMIT,IOC,188,0.1167593,0.1157000,FILLED,188,188,1746022430146,21.9507484
FLM,BUY,LIMIT,IOC,881,0.0417,0.0411,FILLED,881,881,1746022430146,36.737700000000004
FARTCOIN,BUY,LIMIT,IOC,136.8,1.1086205,1.1006931,FILLED,92.9,136.8,1746022436540,151.65928440000002
1000FLOKI,BUY,LIMIT,IOC,62,0.0880210,0.0872200,FILLED,62,62,1746022438444,5.457302
SOL,BUY,LIMIT,IOC,6.19,142.1911,141.5200,FILLED,6.19,6.19,1746022440240,880.1629090000001
FARTCOIN,BUY,LIMIT,IOC,455.3,1.1102123,1.1022000,FILLED,455.3,455.3,1746022441378,505.47966019
XRP,BUY,LIMIT,IOC,236.0,2.1703,2.1588,FILLED,236.0,236.0,1746022441420,512.1908000000001
SUSHI,BUY,LIMIT,IOC,39,0.6467,0.6375,FILLED,1,39,1746022442120,25.221300000000003
1000PEPE,BUY,LIMIT,IOC,24403,0.0086551,0.0085988,FILLED,24403,24403,1746022446353,211.21040530000002
DOGEUSDC,BUY,LIMIT,IOC,16534,0.170104,0.169230,FILLED,234,16534,1746022447419,2812.4995360000003
SIGN,BUY,LIMIT,IOC,938,0.0935794,0.0926600,FILLED,938,938,1746022450244,87.77747719999999
1000PEPE,BUY,LIMIT,IOC,211837,0.0086581,0.0085913,FILLED,3563,211837,1746022453199,1834.1059297
TAO,BUY,LIMIT,IOC,5.962,348.38,345.24,FILLED,0.220,5.962,1746022455404,2077.0415599999997
AIOT,BUY,LIMIT,IOC,7392,0.2758966,0.2716451,FILLED,147,7392,1746022459088,2039.4276671999999
AIOT,BUY,LIMIT,IOC,455,0.2760768,0.2721404,FILLED,22,455,1746022461056,125.61494400000001
BABY,BUY,LIMIT,IOC,17223,0.0966960,0.0953021,FILLED,1192,17223,1746022466092,1665.3952080000001
FARTCOIN,BUY,LIMIT,IOC,296.7,1.1147974,1.1055000,FILLED,296.7,296.7,1746022473352,330.76038858
1000PEPE,BUY,LIMIT,IOC,3855,0.0086591,0.0086035,FILLED,2065,3855,1746022476452,33.380830499999995
SIGN,SELL,LIMIT,IOC,708,0.0913444,0.0922000,FILLED,708,708,1746022477314,64.6718352
1000PEPE,BUY,LIMIT,IOC,8110,0.0086630,0.0086034,FILLED,8110,8110,1746022480587,70.25693000000001
DOGE,BUY,LIMIT,IOC,225,0.170036,0.169240,FILLED,225,225,1746022487070,38.2581
ETH,BUY,LIMIT,IOC,0.462,1759.46,1752.46,FILLED,0.462,0.462,1746022489281,812.87052
TAO,BUY,LIMIT,IOC,0.732,349.03,345.80,FILLED,0.732,0.732,1746022490191,255.48995999999997
DOGE,BUY,LIMIT,IOC,10744,0.170126,0.169250,FILLED,8834,10744,1746022494117,1827.833744
OM,BUY,LIMIT,IOC,174.6,0.4824723,0.4776200,FILLED,174.6,174.6,1746022494257,84.23966358
FARTCOIN,BUY,LIMIT,IOC,53.5,1.1167313,1.1075000,FILLED,53.5,53.5,1746022496428,59.74512455000001
1000PEPE,BUY,LIMIT,IOC,93876,0.0086759,0.0086169,FILLED,93876,93876,1746022496433,814.4587884
SIGN,SELL,LIMIT,IOC,862,0.0910944,0.0919100,FILLED,862,862,1746022497560,78.5233728
PENGU,BUY,LIMIT,IOC,20063,0.0104438,0.0103430,FILLED,1262,20063,1746022498064,209.5339594
SUI,BUY,LIMIT,IOC,99.5,3.390604,3.357400,FILLED,90.8,99.5,1746022499112,337.365098
PENGU,BUY,LIMIT,IOC,30012,0.0104471,0.0103430,FILLED,1023,30012,1746022500239,313.53836520000004
FARTCOIN,BUY,LIMIT,IOC,59.6,1.1171000,1.1067000,FILLED,59.6,59.6,1746022500464,66.57916
ARC,BUY,LIMIT,IOC,9316,0.0563427,0.0553139,FILLED,524,9316,1746022501592,524.8885932000001
INIT,SELL,LIMIT,IOC,25,0.7507393,0.7540000,FILLED,25,25,1746022507225,18.7684825
INIT,SELL,LIMIT,IOC,32,0.7471512,0.7540000,FILLED,32,32,1746022508245,23.9088384
BANK,BUY,LIMIT,IOC,160,0.0349382,0.0344440,FILLED,160,160,1746022509537,5.590112
MEMEFI,SELL,LIMIT,IOC,144447,0.0033831,0.0034295,FILLED,25621,144447,1746022510116,488.6786457
TRUMP,SELL,LIMIT,IOC,101.21,12.172937,12.288000,FILLED,14.40,101.21,1746022512158,1232.02295377
CATI,BUY,LIMIT,IOC,3832,0.1179959,0.1170456,FILLED,1748,3832,1746022513165,452.1602888
CATI,BUY,LIMIT,IOC,461,0.1180886,0.1175000,FILLED,461,461,1746022515051,54.4388446
FLM,BUY,LIMIT,IOC,2430,0.0417,0.0410,FILLED,2430,2430,1746022515368,101.331
ALPHA,BUY,LIMIT,IOC,4444,0.03227,0.03179,FILLED,3444,4444,1746022515368,143.40788
MAGIC,SELL,LIMIT,IOC,8000.0,0.209587,0.211506,FILLED,4250.3,8000.0,1746022516118,1676.696
CATI,BUY,LIMIT,IOC,12500,0.1185578,0.1175365,FILLED,3814,12500,1746022516118,1481.9725
CATI,BUY,LIMIT,IOC,6589,0.1186278,0.1178000,FILLED,5535,6589,1746022517266,781.6385742
CATI,BUY,LIMIT,IOC,3418,0.1187793,0.1175000,FILLED,3418,3418,1746022519123,405.9876474
AIOT,BUY,LIMIT,IOC,947,0.2768581,0.2731794,FILLED,160,947,1746022519244,262.1846207
AIOT,BUY,LIMIT,IOC,1029,0.2773529,0.2744141,FILLED,4,1029,1746022520248,285.39613410000004
SIGN,SELL,LIMIT,IOC,25902,0.0910090,0.0918465,FILLED,1064,25902,1746022521329,2357.315118
INIT,SELL,LIMIT,IOC,37,0.7458486,0.7528000,FILLED,37,37,1746022521469,27.5963982
AIOT,BUY,LIMIT,IOC,4027,0.2778086,0.2778086,FILLED,4027,4027,1746022522382,1118.7352322000002
SIGN,SELL,LIMIT,IOC,881,0.0909635,0.0917700,FILLED,881,881,1746022522789,80.13884350000001
DRIFT,SELL,LIMIT,IOC,595,0.7240044,0.7311000,FILLED,595,595,1746022523384,430.782618
AIOT,BUY,LIMIT,IOC,605,0.2785161,0.2783500,FILLED,605,605,1746022524186,168.5022405
AIOT,BUY,LIMIT,IOC,1893,0.2793341,0.2781732,FILLED,857,1893,1746022526095,528.7794513
SIGN,SELL,LIMIT,IOC,747,0.0909389,0.0917600,FILLED,747,747,1746022526298,67.9313583
AIOT,BUY,LIMIT,IOC,914,0.2796532,0.2775280,FILLED,739,914,1746022529669,255.6030248
AIOT,BUY,LIMIT,IOC,46,0.2809082,0.2785300,FILLED,46,46,1746022537060,12.9217772
AIOT,BUY,LIMIT,IOC,234,0.2813128,0.2790100,FILLED,234,234,1746022540104,65.82719519999999
SUI,SELL,LIMIT,IOC,546.0,3.307287,3.336982,FILLED,91.6,546.0,1746022542081,1805.778702
AIOT,BUY,LIMIT,IOC,1800,0.2825635,0.2786758,FILLED,1604,1800,1746022543058,508.6143
AIOT,BUY,LIMIT,IOC,135,0.2831728,0.2793100,FILLED,135,135,1746022569147,38.228328
PROMPT,BUY,LIMIT,IOC,116,0.4006672,0.3950000,FILLED,14,116,1746022570112,46.477395200000004
AIOT,BUY,LIMIT,IOC,4453,0.2833321,0.2799825,FILLED,1256,4453,1746022570583,1261.6778413
BOME,BUY,LIMIT,IOC,12424,0.0015156,0.0015020,FILLED,8504,12424,1746022572178,18.8298144
ARC,BUY,LIMIT,IOC,472,0.0567177,0.0556600,FILLED,472,472,1746022574558,26.7707544
AIOT,BUY,LIMIT,IOC,9412,0.2834324,0.2808880,FILLED,3391,9412,1746022579231,2667.6657487999996
AIOT,BUY,LIMIT,IOC,442,0.2835327,0.2805800,FILLED,442,442,1746022582213,125.32145340000001
AIOT,BUY,LIMIT,IOC,850,0.2843018,0.2819948,FILLED,15,850,1746022583221,241.65653
PUNDIX,BUY,LIMIT,IOC,463,0.5155909,0.5110570,FILLED,14,463,1746022584213,238.71858669999997
AIOT,BUY,LIMIT,IOC,26,0.2861741,0.2828200,FILLED,26,26,1746022584250,7.4405266
AIOT,BUY,LIMIT,IOC,2235,0.2863049,0.2810694,FILLED,893,2235,1746022585517,639.8914514999999
AIOT,SELL,LIMIT,IOC,41,0.2750598,0.2813500,FILLED,41,41,1746022588640,11.277451800000001
ARC,BUY,LIMIT,IOC,390,0.0568199,0.0556900,FILLED,70,390,1746022593453,22.159761
VIRTUAL,BUY,LIMIT,IOC,1082.0,1.2548938,1.2411355,FILLED,145.1,1082.0,1746022594282,1357.7950916
KDA,BUY,LIMIT,IOC,38,0.6518776,0.6458000,FILLED,38,38,1746022596626,24.7713488
PUNDIX,BUY,LIMIT,IOC,520,0.5195423,0.5154601,FILLED,313,520,1746022600323,270.161996
AIOT,SELL,LIMIT,IOC,36,0.2750462,0.2800100,FILLED,36,36,1746022605349,9.901663200000002
SAFE,BUY,LIMIT,IOC,682,0.5087355,0.5036112,FILLED,16,682,1746022606193,346.957611
FLM,BUY,LIMIT,IOC,14918,0.0418,0.0411,FILLED,14918,14918,1746022611082,623.5723999999999
POPCAT,BUY,LIMIT,IOC,217,0.3608556,0.3555000,FILLED,217,217,1746022613256,78.30566519999999
AI16Z,BUY,LIMIT,IOC,166.9,0.2522680,0.2499000,FILLED,166.9,166.9,1746022617551,42.1035292
AIOT,BUY,LIMIT,IOC,1700,0.2846851,0.2813807,FILLED,305,1700,1746022622159,483.96467000000007
WCT,BUY,LIMIT,IOC,1118,0.3832806,0.3801000,FILLED,285,1118,1746022627627,428.50771080000004
SIGN,BUY,LIMIT,IOC,2398,0.0934422,0.0927611,FILLED,208,2398,1746022631268,224.0743956
INIT,SELL,LIMIT,IOC,19,0.7467321,0.7537000,FILLED,19,19,1746022634523,14.187909900000001
AIOT,BUY,LIMIT,IOC,43,0.2861618,0.2821500,FILLED,43,43,1746022642465,12.304957400000001
SUI,SELL,LIMIT,IOC,15.8,3.303303,3.334900,FILLED,15.8,15.8,1746022654190,52.1921874
AIOT,SELL,LIMIT,IOC,152,0.2763522,0.2801966,FILLED,51,152,1746022655381,42.0055344
AIOT,BUY,LIMIT,IOC,983,0.2867623,0.2838900,FILLED,880,983,1746022660178,281.8873409
AIOT,BUY,LIMIT,IOC,2050,0.2873706,0.2836323,FILLED,32,2050,1746022661385,589.1097299999999
SUI,SELL,LIMIT,IOC,2.1,3.300862,3.332200,FILLED,2.1,2.1,1746022665521,6.9318102
AIOT,BUY,LIMIT,IOC,34,0.2875697,0.2838600,FILLED,34,34,1746022672293,9.777369799999999
AIOT,SELL,LIMIT,IOC,281,0.2768088,0.2839300,FILLED,97,281,1746022675325,77.7832728
SUI,SELL,LIMIT,IOC,42.9,3.296289,3.327300,FILLED,42.9,42.9,1746022677265,141.4107981
OM,SELL,LIMIT,IOC,966.8,0.4696648,0.4741511,FILLED,208.3,966.8,1746022677600,454.07192863999995
SUI,SELL,LIMIT,IOC,139.1,3.295894,3.326700,FILLED,139.1,139.1,1746022679375,458.4588554
HYPER,SELL,LIMIT,IOC,39,0.1822941,0.1841000,FILLED,39,39,1746022688339,7.1094699
BABY,BUY,LIMIT,IOC,4184,0.0971328,0.0957500,FILLED,1792,4184,1746022689185,406.4036352
AIOT,BUY,LIMIT,IOC,503,0.2891474,0.2824800,FILLED,503,503,1746022700096,145.4411422
BSV,SELL,LIMIT,IOC,3.4,36.04479,36.54000,FILLED,2.7,3.4,1746022700232,122.552286
INIT,SELL,LIMIT,IOC,508,0.7466005,0.7534000,FILLED,278,508,1746022700232,379.273054
PENGU,BUY,LIMIT,IOC,23952,0.0104530,0.0103540,FILLED,6913,23952,1746022704181,250.370256
AIOT,BUY,LIMIT,IOC,1206,0.2911872,0.2911872,FILLED,1206,1206,1746022705043,351.1717632
ETHUSDC,SELL,LIMIT,IOC,0.456,1741.05,1746.70,FILLED,0.456,0.456,1746022705099,793.9188
MBOX,BUY,LIMIT,IOC,95,0.0631803,0.0627000,FILLED,95,95,1746022705261,6.0021284999999995
AXL,BUY,LIMIT,IOC,14.1,0.3791388,0.3755000,FILLED,14.1,14.1,1746022705261,5.34585708
KDA,BUY,LIMIT,IOC,10,0.6507390,0.6457000,FILLED,10,10,1746022705261,6.507389999999999
GHST,BUY,LIMIT,IOC,11,0.5005956,0.4965000,FILLED,11,11,1746022705261,5.5065516
LUMIA,BUY,LIMIT,IOC,19.0,0.3255581,0.3231000,FILLED,19.0,19.0,1746022705261,6.1856039
AVA,BUY,LIMIT,IOC,8.6,0.5908446,0.5867000,FILLED,8.6,8.6,1746022705261,5.08126356
FIL,BUY,LIMIT,IOC,1.9,2.710,2.697,FILLED,1.9,1.9,1746022705261,5.149
FLOW,BUY,LIMIT,IOC,12.8,0.394,0.392,FILLED,12.8,12.8,1746022705261,5.043200000000001
DOT,BUY,LIMIT,IOC,1.5,4.082,4.061,FILLED,1.5,1.5,1746022705261,6.122999999999999
BNB,BUY,LIMIT,IOC,0.01,594.747,592.410,FILLED,0.01,0.01,1746022705261,5.94747
CAKE,BUY,LIMIT,IOC,3,2.0134152,1.9982000,FILLED,3,3,1746022705261,6.0402455999999995
BSW,BUY,LIMIT,IOC,1818,0.0487607,0.0478400,FILLED,1818,1818,1746022705270,88.64695259999999
LAYER,BUY,LIMIT,IOC,10.2,3.167787,3.139100,FILLED,10.2,10.2,1746022705270,32.3114274
DEEP,BUY,LIMIT,IOC,118,0.1821787,0.1797100,FILLED,118,118,1746022705270,21.4970866
PROMPT,BUY,LIMIT,IOC,144,0.4002752,0.3951000,FILLED,144,144,1746022705270,57.6396288
VOXEL,BUY,LIMIT,IOC,774,0.1124773,0.1105500,FILLED,774,774,1746022705270,87.0574302
FIS,BUY,LIMIT,IOC,300,0.2500558,0.2480017,FILLED,139,300,1746022705270,75.01674
FLM,BUY,LIMIT,IOC,979,0.0408,0.0407,FILLED,979,979,1746022705311,39.943200000000004
SOL,BUY,LIMIT,IOC,0.14,140.9707,140.9707,FILLED,0.14,0.14,1746022705506,19.735898000000002
PUNDIX,SELL,LIMIT,IOC,122,0.5105817,0.5105817,FILLED,122,122,1746022705506,62.29096740000001
MEMEFI,BUY,LIMIT,IOC,6790,0.0034770,0.0034300,FILLED,6790,6790,1746022705509,23.60883
AIOT,SELL,LIMIT,IOC,228,0.2771099,0.2862000,FILLED,228,228,1746022708482,63.181057200000005
1000WHY,SELL,LIMIT,IOC,230607,0.0000456,0.0000458,FILLED,230607,230607,1746022710531,10.5156792
1000WHY,SELL,LIMIT,IOC,26336543,0.0000454,0.0000455,FILLED,3176480,26336543,1746022713157,1195.6790522
VELODROME,SELL,LIMIT,IOC,404,0.0485990,0.0490250,FILLED,202,404,1746022715196,19.633996
INIT,SELL,LIMIT,IOC,11,0.7453912,0.7523000,FILLED,11,11,1746022718487,8.199303200000001
TAO,SELL,LIMIT,IOC,0.396,340.04,343.19,FILLED,0.301,0.396,1746022719146,134.65584
D,SELL,LIMIT,IOC,1092,0.0465769,0.0469700,FILLED,1092,1092,1746022719465,50.8619748
PUNDIX,BUY,LIMIT,IOC,1197,0.5150406,0.5108015,FILLED,52,1197,1746022719535,616.5035981999999
ETH,SELL,LIMIT,IOC,0.012,1738.71,1744.80,FILLED,0.012,0.012,1746022720471,20.864520000000002
ETH,SELL,LIMIT,IOC,0.200,1738.54,1744.98,FILLED,0.200,0.200,1746022721602,347.708
ETH,SELL,LIMIT,IOC,0.134,1738.31,1745.49,FILLED,0.134,0.134,1746022723608,232.93354
SOL,SELL,LIMIT,IOC,0.09,140.3294,141.0300,FILLED,0.09,0.09,1746022723608,12.629646
BAT,SELL,LIMIT,IOC,34.3,0.1432,0.1452,FILLED,34.3,34.3,1746022724619,4.911759999999999
ETH,SELL,LIMIT,IOC,0.350,1738.12,1744.76,FILLED,0.350,0.350,1746022730171,608.3419999999999
AIOT,BUY,LIMIT,IOC,6404,0.2891827,0.2847109,FILLED,2464,6404,1746022730659,1851.9260108
ETH,SELL,LIMIT,IOC,0.040,1737.71,1744.04,FILLED,0.040,0.040,1746022734226,69.50840000000001
ETHUSDC,SELL,LIMIT,IOC,0.198,1737.98,1745.35,FILLED,0.198,0.198,1746022735527,344.12004
AIOT,SELL,LIMIT,IOC,34,0.2785162,0.2844100,FILLED,34,34,1746022736177,9.4695508
CTK,SELL,LIMIT,IOC,24,0.4519483,0.4545000,FILLED,24,24,1746022743083,10.846759200000001
KAVA,SELL,LIMIT,IOC,12.8,0.4204,0.4242,FILLED,12.8,12.8,1746022746049,5.38112
PENGU,BUY,LIMIT,IOC,20384,0.0104592,0.0103657,FILLED,15046,20384,1746022750613,213.2003328
AXL,BUY,LIMIT,IOC,20.9,0.3800546,0.3765000,FILLED,20.9,20.9,1746022753239,7.94314114
PENGU,BUY,LIMIT,IOC,23660,0.0104777,0.0103802,FILLED,2092,23660,1746022760240,247.902382
VIRTUAL,BUY,LIMIT,IOC,813.4,1.2576835,1.2469671,FILLED,370.1,813.4,1746022765136,1022.9997589
PENGU,BUY,LIMIT,IOC,19996,0.0104877,0.0103900,FILLED,2613,19996,1746022765378,209.71204920000002
BABY,BUY,LIMIT,IOC,314,0.0972721,0.0958700,FILLED,250,314,1746022769617,30.5434394
PENGU,BUY,LIMIT,IOC,3493,0.0104903,0.0103900,FILLED,321,3493,1746022769621,36.6426179
PENGU,BUY,LIMIT,IOC,703,0.0104972,0.0103950,FILLED,703,703,1746022774345,7.3795316
TRUMP,BUY,LIMIT,IOC,4.15,12.420828,12.300000,FILLED,2.16,4.15,1746022780402,51.5464362
TRUMP,BUY,LIMIT,IOC,2.44,12.432574,12.316000,FILLED,2.44,2.44,1746022783574,30.33548056
ETH,BUY,LIMIT,IOC,0.012,1756.70,1749.70,FILLED,0.012,0.012,1746022783574,21.0804
PIPPIN,BUY,LIMIT,IOC,990,0.0201378,0.0197800,FILLED,990,990,1746022785225,19.936422
VIRTUAL,BUY,LIMIT,IOC,42.3,1.2622336,1.2508000,FILLED,42.3,42.3,1746022789402,53.39248128
SUI,BUY,LIMIT,IOC,555.9,3.389891,3.357262,FILLED,349.0,555.9,1746022790426,1884.4404069
VIRTUAL,BUY,LIMIT,IOC,14.0,1.2623320,1.2505000,FILLED,14.0,14.0,1746022790468,17.672648
INIT,BUY,LIMIT,IOC,23,0.7644564,0.7575000,FILLED,23,23,1746022790600,17.582497200000002
AIOT,SELL,LIMIT,IOC,223,0.2771671,0.2812047,FILLED,116,223,1746022797085,61.8082633
1000BONK,BUY,LIMIT,IOC,37969,0.0186457,0.0184700,FILLED,37969,37969,1746022797266,707.9585833000001
ALPHA,BUY,LIMIT,IOC,42811,0.03237,0.03198,FILLED,1867,42811,1746022798093,1385.7920700000002
FARTCOIN,BUY,LIMIT,IOC,49.5,1.1144813,1.1062000,FILLED,34.9,49.5,1746022800276,55.16682435
ALPHA,BUY,LIMIT,IOC,2165,0.03245,0.03199,FILLED,2165,2165,1746022800299,70.25425
RAYSOL,BUY,LIMIT,IOC,136.8,2.6805442,2.6542092,FILLED,22.6,136.8,1746022800447,366.69844656000004
VOXEL,BUY,LIMIT,IOC,2116,0.1152603,0.1128100,FILLED,2116,2116,1746022803473,243.89079479999998
SIGN,BUY,LIMIT,IOC,12547,0.0938884,0.0928977,FILLED,2006,12547,1746022803473,1178.0177548
INIT,BUY,LIMIT,IOC,304,0.7641940,0.7568000,FILLED,7,304,1746022803473,232.314976
AIOT,SELL,LIMIT,IOC,1663,0.2770009,0.2818905,FILLED,87,1663,1746022804689,460.6524967
MEMEFI,BUY,LIMIT,IOC,15813,0.0035038,0.0034550,FILLED,15813,15813,1746022813198,55.405589400000004
AIOT,SELL,LIMIT,IOC,2901,0.2764155,0.2803937,FILLED,140,2901,1746022824513,801.8813654999999
TRUMP,BUY,LIMIT,IOC,8.13,12.461540,12.336000,FILLED,8.13,8.13,1746022834528,101.3123202
AIOT,SELL,LIMIT,IOC,138,0.2758418,0.2792389,FILLED,15,138,1746022839050,38.0661684
PENGU,BUY,LIMIT,IOC,20177,0.0105473,0.0104435,FILLED,11318,20177,1746022844448,212.81287210000002
AIOT,SELL,LIMIT,IOC,473,0.2755707,0.2802820,FILLED,205,473,1746022845359,130.3449411
AI16Z,BUY,LIMIT,IOC,1290.9,0.2528422,0.2503503,FILLED,649.7,1290.9,1746022846520,326.39399598000006
ALPHA,BUY,LIMIT,IOC,7246,0.03248,0.03205,FILLED,4963,7246,1746022848083,235.35008000000002
VIRTUAL,BUY,LIMIT,IOC,2100.0,1.2675647,1.2575261,FILLED,320.7,2100.0,1746022848135,2661.88587
VIRTUAL,BUY,LIMIT,IOC,418.8,1.2695512,1.2566751,FILLED,174.8,418.8,1746022850234,531.68804256
JST,BUY,LIMIT,IOC,142,0.0368813,0.0365230,FILLED,142,142,1746022852543,5.2371446
VIRTUAL,BUY,LIMIT,IOC,100.2,1.2698910,1.2570000,FILLED,100.2,100.2,1746022856580,127.24307820000001
AIOT,BUY,LIMIT,IOC,3411,0.2865098,0.2801624,FILLED,851,3411,1746022859600,977.2849278
SNX,BUY,LIMIT,IOC,1563.9,0.712,0.703,FILLED,1500.9,1563.9,1746022863227,1113.4968000000001
GPS,BUY,LIMIT,IOC,4077,0.0235353,0.0231089,FILLED,3125,4077,1746022864168,95.9534181
PARTI,BUY,LIMIT,IOC,150,0.1909380,0.1891000,FILLED,33,150,1746022865231,28.6407
BNB,BUY,LIMIT,IOC,3.56,596.674,593.710,FILLED,2.52,3.56,1746022865467,2124.15944
PENGU,BUY,LIMIT,IOC,105162,0.0105831,0.0104837,FILLED,15668,105162,1746022866118,1112.9399622
SUPER,BUY,LIMIT,IOC,88,0.6720095,0.6658000,FILLED,88,88,1746022867169,59.136836
VOXEL,BUY,LIMIT,IOC,2092,0.1157187,0.1137342,FILLED,102,2092,1746022869044,242.0835204
VOXEL,BUY,LIMIT,IOC,156,0.1160070,0.1135435,FILLED,56,156,1746022871234,18.097092
DEEP,BUY,LIMIT,IOC,29,0.1840330,0.1814400,FILLED,29,29,1746022875278,5.336957
FARTCOIN,BUY,LIMIT,IOC,307.9,1.1196860,1.1081000,FILLED,307.9,307.9,1746022879611,344.75131939999994
ARC,BUY,LIMIT,IOC,12805,0.0572757,0.0562296,FILLED,794,12805,1746022883215,733.4153385
PUNDIX,BUY,LIMIT,IOC,2722,0.5161227,0.5122481,FILLED,318,2722,1746022884121,1404.8859894000002
VTHO,BUY,LIMIT,IOC,11928,0.0025531,0.0025290,FILLED,11928,11928,1746022886600,30.4533768
TON,BUY,LIMIT,IOC,1.9,3.1851582,3.1537000,FILLED,1.9,1.9,1746022889470,6.05180058
VIRTUAL,BUY,LIMIT,IOC,115.7,1.2738485,1.2629000,FILLED,111.6,115.7,1746022893055,147.38427145
PENGU,BUY,LIMIT,IOC,19378,0.0105925,0.0104840,FILLED,10992,19378,1746022893091,205.261465
1000SHIB,BUY,LIMIT,IOC,1086,0.013092,0.013004,FILLED,1086,1086,1746022894300,14.217912
PENGU,BUY,LIMIT,IOC,10078,0.0105938,0.0104840,FILLED,10078,10078,1746022894496,106.7643164
OM,BUY,LIMIT,IOC,1603.0,0.4830788,0.4784614,FILLED,253.4,1603.0,1746022898054,774.3753164
AIOT,BUY,LIMIT,IOC,707,0.2887836,0.2858911,FILLED,41,707,1746022898213,204.1700052
AIOT,BUY,LIMIT,IOC,662,0.2888906,0.2870000,FILLED,55,662,1746022901586,191.24557719999999
BTC,BUY,LIMIT,IOC,0.027,93842.94,93561.70,FILLED,0.027,0.027,1746022901587,2533.75938
ETH,BUY,LIMIT,IOC,0.021,1760.43,1753.41,FILLED,0.021,0.021,1746022902185,36.969030000000004
SIGN,BUY,LIMIT,IOC,885,0.0941099,0.0932000,FILLED,545,885,1746022902217,83.2872615
DEEP,BUY,LIMIT,IOC,193,0.1843274,0.1813200,FILLED,193,193,1746022902288,35.5751882
BTC,BUY,LIMIT,IOC,0.006,93886.24,93511.80,FILLED,0.006,0.006,1746022902710,563.31744
AIOT,BUY,LIMIT,IOC,1789,0.2901655,0.2861563,FILLED,223,1789,1746022909322,519.1060795000001
NIL,BUY,LIMIT,IOC,740.5,0.389027,0.384758,FILLED,88.7,740.5,1746022912509,288.0744935
AIOT,BUY,LIMIT,IOC,432,0.2909066,0.2879900,FILLED,153,432,1746022913190,125.67165120000001
1000BONK,BUY,LIMIT,IOC,17660,0.0187000,0.0185119,FILLED,9790,17660,1746022913513,330.242
BTC,BUY,LIMIT,IOC,0.007,93937.76,93578.00,FILLED,0.007,0.007,1746022918291,657.56432
BTC,BUY,LIMIT,IOC,0.005,93947.46,93564.40,FILLED,0.005,0.005,1746022919394,469.73730000000006
ETH,BUY,LIMIT,IOC,0.169,1760.78,1753.80,FILLED,0.169,0.169,1746022919460,297.57182
ETH,BUY,LIMIT,IOC,0.097,1761.81,1754.86,FILLED,0.097,0.097,1746022950077,170.89557
AIOT,SELL,LIMIT,IOC,67,0.2808926,0.2839300,FILLED,67,67,1746022950276,18.8198042
AIOT,BUY,LIMIT,IOC,432,0.2905314,0.2841300,FILLED,432,432,1746022952074,125.50956479999999
BABY,BUY,LIMIT,IOC,5072,0.0978925,0.0963609,FILLED,468,5072,1746022952429,496.51075999999995
SUI,BUY,LIMIT,IOC,53.9,3.394899,3.361644,FILLED,24.1,53.9,1746022955322,182.9850561
AIOT,SELL,LIMIT,IOC,823,0.2787786,0.2815899,FILLED,14,823,1746022962108,229.43478779999998
SUI,BUY,LIMIT,IOC,7.0,3.398257,3.366500,FILLED,1.7,7.0,1746022967094,23.787799
CTK,SELL,LIMIT,IOC,40,0.4523494,0.4547000,FILLED,40,40,1746022967540,18.093976
AIOT,SELL,LIMIT,IOC,145,0.2763996,0.2817700,FILLED,145,145,1746022968141,40.077942
DEEP,BUY,LIMIT,IOC,1649,0.1847889,0.1822800,FILLED,1267,1649,1746022969516,304.7168961
AIOT,BUY,LIMIT,IOC,328,0.2872441,0.2824760,FILLED,3,328,1746022971090,94.2160648
ETH,BUY,LIMIT,IOC,0.017,1761.97,1754.47,FILLED,0.017,0.017,1746022971160,29.953490000000002
BTC,BUY,LIMIT,IOC,0.007,93966.15,93598.80,FILLED,0.007,0.007,1746022973283,657.76305
SUI,BUY,LIMIT,IOC,69.7,3.401125,3.368100,FILLED,40.0,69.7,1746022973479,237.0584125
BTC,BUY,LIMIT,IOC,0.007,93972.91,93599.00,FILLED,0.007,0.007,1746022975088,657.81037
BTC,BUY,LIMIT,IOC,0.026,93985.19,93611.60,FILLED,0.026,0.026,1746022978171,2443.61494
ETH,BUY,LIMIT,IOC,0.374,1762.99,1756.41,FILLED,0.374,0.374,1746022979470,659.35826
ETH,BUY,LIMIT,IOC,0.415,1763.39,1756.22,FILLED,0.415,0.415,1746022980592,731.80685
SUI,BUY,LIMIT,IOC,108.2,3.402097,3.368700,FILLED,108.2,108.2,1746022980610,368.1068954
AIOT,BUY,LIMIT,IOC,81,0.2877742,0.2819900,FILLED,81,81,1746022981629,23.309710199999998
1000PEPE,BUY,LIMIT,IOC,14468,0.0086844,0.0086258,FILLED,8065,14468,1746022982453,125.6458992
AIOT,BUY,LIMIT,IOC,2026,0.2875835,0.2823250,FILLED,227,2026,1746022983216,582.644171
SIGN,BUY,LIMIT,IOC,3400,0.0941226,0.0931600,FILLED,1972,3400,1746022986101,320.01684
SKL,BUY,LIMIT,IOC,2328,0.02318,0.02296,FILLED,2328,2328,1746022986624,53.96304
1000BONK,BUY,LIMIT,IOC,2832,0.0187496,0.0185660,FILLED,2832,2832,1746022988355,53.09886720000001
DOGE,BUY,LIMIT,IOC,1051,0.170413,0.169600,FILLED,35,1051,1746022989142,179.104063
BTC,BUY,LIMIT,IOC,0.020,93998.34,93639.60,FILLED,0.020,0.020,1746022990062,1879.9668
TRUMP,BUY,LIMIT,IOC,3.00,12.490670,12.368000,FILLED,3.00,3.00,1746022990618,37.47201
DOGE,BUY,LIMIT,IOC,15798,0.170463,0.169720,FILLED,9884,15798,1746022993298,2692.974474
1000PEPE,BUY,LIMIT,IOC,39947,0.0086894,0.0086322,FILLED,39947,39947,1746022994133,347.1154618
DOGE,BUY,LIMIT,IOC,132,0.170551,0.169740,FILLED,132,132,1746022994479,22.512732
ETH,BUY,LIMIT,IOC,0.012,1763.96,1757.20,FILLED,0.012,0.012,1746022996048,21.16752
SOL,BUY,LIMIT,IOC,0.22,142.3659,141.6900,FILLED,0.22,0.22,1746022996068,31.320498000000004
TRUMP,BUY,LIMIT,IOC,60.77,12.503078,12.384000,FILLED,60.77,60.77,1746022996106,759.81205006
SUI,BUY,LIMIT,IOC,610.2,3.410816,3.379621,FILLED,67.1,610.2,1746022996131,2081.2799232
SIGN,BUY,LIMIT,IOC,257,0.0943462,0.0934400,FILLED,257,257,1746022996307,24.2469734
BTC,BUY,LIMIT,IOC,0.028,94025.74,93670.10,FILLED,0.028,0.028,1746022997047,2632.7207200000003
SUI,BUY,LIMIT,IOC,78.2,3.411729,3.381600,FILLED,68.6,78.2,1746022997292,266.79720779999997
SIGN,BUY,LIMIT,IOC,1059,0.0943656,0.0935000,FILLED,696,1059,1746022997417,99.9331704
1000SHIB,BUY,LIMIT,IOC,7742,0.013113,0.013038,FILLED,7742,7742,1746022998057,101.52084599999999
BTC,BUY,LIMIT,IOC,0.007,94042.88,93763.30,FILLED,0.007,0.007,1746022998083,658.30016
ETH,BUY,LIMIT,IOC,0.418,1764.25,1758.51,FILLED,0.418,0.418,1746022998375,737.4565
ALPHA,BUY,LIMIT,IOC,9881,0.03257,0.03217,FILLED,9881,9881,1746022998406,321.82417000000004
VIRTUAL,BUY,LIMIT,IOC,374.8,1.2808000,1.2696000,FILLED,9.3,374.8,1746022998406,480.04384
SOL,BUY,LIMIT,IOC,6.48,142.4334,141.8000,FILLED,6.48,6.48,1746022998425,922.9684320000001
TRUMP,BUY,LIMIT,IOC,3.13,12.513926,12.404000,FILLED,3.13,3.13,1746022998432,39.168588379999996
ETHUSDC,BUY,LIMIT,IOC,1.429,1765.34,1758.81,FILLED,0.672,1.429,1746022998578,2522.67086
SUI,BUY,LIMIT,IOC,38.1,3.412489,3.382500,FILLED,38.1,38.1,1746022998638,130.0158309
MOVE,BUY,LIMIT,IOC,1556,0.2410408,0.2390000,FILLED,1441,1556,1746022998745,375.0594848
ADA,BUY,LIMIT,IOC,745,0.67872,0.67570,FILLED,347,745,1746022998766,505.64639999999997
BTC,BUY,LIMIT,IOC,0.004,94098.20,93768.80,FILLED,0.004,0.004,1746022999155,376.3928
OM,BUY,LIMIT,IOC,782.9,0.4836508,0.4793788,FILLED,134.5,782.9,1746022999221,378.65021132
ETH,BUY,LIMIT,IOC,1.450,1765.04,1758.50,FILLED,1.450,1.450,1746022999404,2559.308
TURBO,BUY,LIMIT,IOC,80654,0.0043897,0.0043491,FILLED,61,80654,1746022999496,354.0468638
SHELL,BUY,LIMIT,IOC,3727,0.2363735,0.2320000,FILLED,219,3727,1746022999526,880.9640344999999
BTCUSDC,BUY,LIMIT,IOC,0.007,94120.7,93771.9,FILLED,0.007,0.007,1746023000165,658.8448999999999
BTC,BUY,LIMIT,IOC,0.003,94108.62,93762.90,FILLED,0.003,0.003,1746023000187,282.32586
BABY,BUY,LIMIT,IOC,2440,0.0980755,0.0969500,FILLED,286,2440,1746023000216,239.30422
1000PEPE,BUY,LIMIT,IOC,15579,0.0087012,0.0086508,FILLED,15579,15579,1746023000359,135.55599479999998
ETH,BUY,LIMIT,IOC,0.170,1765.52,1758.80,FILLED,0.170,0.170,1746023000434,300.1384
SUI,BUY,LIMIT,IOC,36.3,3.414133,3.386700,FILLED,36.3,36.3,1746023000444,123.9330279
ALGO,BUY,LIMIT,IOC,495.4,0.2189,0.2171,FILLED,495.4,495.4,1746023000497,108.44306
SUIUSDC,BUY,LIMIT,IOC,156.0,3.414407,3.387281,FILLED,36.3,156.0,1746023000499,532.647492
TRUMP,BUY,LIMIT,IOC,117.18,12.520645,12.411000,FILLED,79.63,117.18,1746023000510,1467.1691811
BNB,BUY,LIMIT,IOC,0.31,597.530,594.710,FILLED,0.31,0.31,1746023000669,185.2343
NEAR,BUY,LIMIT,IOC,94,2.4465,2.4290,FILLED,94,94,1746023001076,229.971
WLDUSDC,BUY,LIMIT,IOC,99.3,1.0326971,1.0275700,FILLED,99.3,99.3,1746023001181,102.54682203
BTC,BUY,LIMIT,IOC,0.003,94127.76,93762.50,FILLED,0.003,0.003,1746023001228,282.38328
TAO,BUY,LIMIT,IOC,1.008,349.96,346.56,FILLED,1.008,1.008,1746023001294,352.75968
INIT,BUY,LIMIT,IOC,246,0.7651849,0.7590000,FILLED,115,246,1746023001353,188.2354854
TRUMP,BUY,LIMIT,IOC,81.95,12.532917,12.407000,FILLED,29.49,81.95,1746023002163,1027.0725481499999
ETH,BUY,LIMIT,IOC,0.505,1765.92,1759.02,FILLED,0.505,0.505,1746023002254,891.7896000000001
VIRTUAL,BUY,LIMIT,IOC,724.7,1.2820735,1.2708000,FILLED,152.9,724.7,1746023002314,929.1186654500001
INIT,BUY,LIMIT,IOC,29,0.7663506,0.7590000,FILLED,29,29,1746023002463,22.2241674
SIGN,BUY,LIMIT,IOC,1172,0.0945626,0.0935700,FILLED,816,1172,1746023002659,110.8273672
SUI,BUY,LIMIT,IOC,69.5,3.418847,3.383700,FILLED,69.5,69.5,1746023003482,237.6098665
AVAX,BUY,LIMIT,IOC,1,20.8420,20.7370,FILLED,1,1,1746023003508,20.842
ENA,BUY,LIMIT,IOC,399,0.3130872,0.3100000,FILLED,399,399,1746023003614,124.9217928
ALPHA,BUY,LIMIT,IOC,9996,0.03272,0.03224,FILLED,3044,9996,1746023004064,327.06912
ETH,BUY,LIMIT,IOC,0.038,1766.34,1759.60,FILLED,0.038,0.038,1746023008165,67.12092
BTC,BUY,LIMIT,IOC,0.002,94136.22,93769.60,FILLED,0.002,0.002,1746023008446,188.27244000000002
SOL,BUY,LIMIT,IOC,0.31,142.4816,141.7800,FILLED,0.31,0.31,1746023008446,44.169295999999996
VIRTUAL,BUY,LIMIT,IOC,368.6,1.2839666,1.2729000,FILLED,63.4,368.6,1746023009312,473.2700887600001
PENDLE,BUY,LIMIT,IOC,48,3.3182679,3.2861625,FILLED,15,48,1746023009312,159.2768592
