timestamp,open,high,low,close,volume
2025-05-13 15:15:00,8.0909,8.0937,8.0599,8.0902,59.05
2025-05-13 15:30:00,8.0743,8.1271,8.046,8.1186,34.11
2025-05-13 15:45:00,8.1231,8.1916,8.1231,8.1916,54.05
2025-05-13 16:00:00,8.1879,8.3004,8.1874,8.3004,1247.92
2025-05-13 16:15:00,8.2765,8.3034,8.2548,8.2933,98.29
2025-05-13 16:30:00,8.2742,8.3141,8.2681,8.2809,1430.01
2025-05-13 16:45:00,8.2905,8.3121,8.2307,8.2438,2203.91
2025-05-13 17:00:00,8.2509,8.3199,8.2509,8.3068,310.54
2025-05-13 17:15:00,8.3133,8.3865,8.3116,8.3402,172.82
2025-05-13 17:30:00,8.3402,8.3765,8.284,8.3717,171.32
2025-05-13 17:45:00,8.3684,8.4178,8.3228,8.347,224.74
2025-05-13 18:00:00,8.3612,8.3915,8.3521,8.3835,106.73
2025-05-13 18:15:00,8.3784,8.4165,8.369,8.4011,1097.51
2025-05-13 18:30:00,8.4091,8.4499,8.3651,8.3695,270.39
2025-05-13 18:45:00,8.3679,8.4331,8.3671,8.432,1633.21
2025-05-13 19:00:00,8.432,8.4838,8.3831,8.4838,915.04
2025-05-13 19:15:00,8.4804,8.5976,8.4804,8.5807,3160.78
2025-05-13 19:30:00,8.5707,8.6105,8.5556,8.6092,154.95
2025-05-13 19:45:00,8.6015,8.6261,8.4923,8.5639,10898.9
2025-05-13 20:00:00,8.5671,8.5753,8.4663,8.5439,940.89
2025-05-13 20:15:00,8.5524,8.6101,8.5518,8.6091,43.51
2025-05-13 20:30:00,8.5733,8.5973,8.5447,8.5524,770.99
2025-05-13 20:45:00,8.5511,8.5805,8.5476,8.5578,86.89
2025-05-13 21:00:00,8.5745,8.5745,8.5009,8.5009,835.82
2025-05-13 21:15:00,8.5008,8.5669,8.5008,8.5625,69.96
2025-05-13 21:30:00,8.5606,8.6149,8.5606,8.6074,6532.89
2025-05-13 21:45:00,8.6074,8.6463,8.5987,8.6463,1071.8
2025-05-13 22:00:00,8.6574,8.694,8.5524,8.6184,7201.15
2025-05-13 22:15:00,8.6168,8.65,8.6023,8.6322,1205.21
2025-05-13 22:30:00,8.6271,8.6587,8.6132,8.6145,57.51
2025-05-13 22:45:00,8.6236,8.6761,8.5912,8.6053,1944.17
2025-05-13 23:00:00,8.6087,8.6087,8.533,8.6036,615.35
2025-05-13 23:15:00,8.6093,8.6346,8.5946,8.5947,68.93
2025-05-13 23:30:00,8.5912,8.6841,8.5912,8.6744,345.03
2025-05-13 23:45:00,8.6809,8.6996,8.6351,8.6351,502.04
2025-05-14 00:00:00,8.6406,8.703,8.6288,8.6777,4766.16
2025-05-14 00:15:00,8.6935,8.7232,8.6368,8.7057,128.69
2025-05-14 00:30:00,8.6825,8.7877,8.658,8.7639,1207.58
2025-05-14 00:45:00,8.7365,8.7712,8.7072,8.7502,1329.86
2025-05-14 01:00:00,8.7352,8.8226,8.7352,8.8175,1940.41
2025-05-14 01:15:00,8.823,8.901,8.8096,8.8565,1855.15
2025-05-14 01:30:00,8.9027,8.94,8.8515,8.94,9841.68
2025-05-14 01:45:00,8.94,8.9483,8.7792,8.8571,14040.73
2025-05-14 02:00:00,8.8589,8.8809,8.6414,8.7101,16703.68
2025-05-14 02:15:00,8.7127,8.7552,8.6909,8.6909,3195.77
2025-05-14 02:30:00,8.7088,8.822,8.7088,8.822,970.75
2025-05-14 02:45:00,8.8195,8.8304,8.7284,8.7677,395.06
2025-05-14 03:00:00,8.7637,8.774,8.6648,8.7247,689.46
2025-05-14 03:15:00,8.736,8.7393,8.6382,8.6382,903.86
2025-05-14 03:30:00,8.6618,8.7046,8.6579,8.7046,828.24
2025-05-14 03:45:00,8.7067,8.7317,8.6834,8.6834,150.22
2025-05-14 04:00:00,8.694,8.694,8.635,8.6401,1994.77
2025-05-14 04:15:00,8.6688,8.6973,8.635,8.6962,3204.33
2025-05-14 04:30:00,8.6932,8.7962,8.6885,8.7841,57.03
2025-05-14 04:45:00,8.7892,8.8272,8.7624,8.8229,419.88
2025-05-14 05:00:00,8.8408,8.8749,8.7653,8.7653,237.93
2025-05-14 05:15:00,8.774,8.8885,8.765,8.8739,7577.76
2025-05-14 05:30:00,8.8775,8.8886,8.8273,8.8459,610.72
2025-05-14 05:45:00,8.8515,8.869,8.8129,8.8181,6939.46
2025-05-14 06:00:00,8.8327,8.8327,8.7493,8.7541,1451.39
2025-05-14 06:15:00,8.7969,8.8011,8.776,8.7831,109.25
2025-05-14 06:30:00,8.7835,8.7918,8.7558,8.7918,53.6
2025-05-14 06:45:00,8.7918,8.8067,8.7667,8.8067,136.11
2025-05-14 07:00:00,8.7911,8.7911,8.746,8.7465,25.49
2025-05-14 07:15:00,8.7611,8.7611,8.653,8.662,2350.64
2025-05-14 07:30:00,8.6146,8.6766,8.5993,8.6766,10183.81
2025-05-14 07:45:00,8.6653,8.6793,8.6237,8.6237,12628.26
2025-05-14 08:00:00,8.6456,8.6681,8.54,8.5893,2584.95
2025-05-14 08:15:00,8.6,8.6453,8.6,8.6453,361.57
2025-05-14 08:30:00,8.6497,8.6861,8.6126,8.663,59.04
2025-05-14 08:45:00,8.6388,8.6473,8.3805,8.4101,4874.15
2025-05-14 09:00:00,8.4214,8.5062,8.4214,8.4855,1506.83
2025-05-14 09:15:00,8.4643,8.5126,8.4481,8.5021,339.36
2025-05-14 09:30:00,8.4968,8.506,8.4612,8.4711,344.45
2025-05-14 09:45:00,8.4848,8.5209,8.4601,8.4902,2381.42
2025-05-14 10:00:00,8.4941,8.5295,8.4941,8.5269,255.58
2025-05-14 10:15:00,8.5448,8.6353,8.5251,8.6345,360.89
2025-05-14 10:30:00,8.6259,8.6328,8.5879,8.6101,105.76
2025-05-14 10:45:00,8.6098,8.6098,8.5628,8.5628,180.96
2025-05-14 11:00:00,8.559,8.623,8.559,8.623,237.49
2025-05-14 11:15:00,8.6072,8.6313,8.6072,8.6109,18.12
2025-05-14 11:30:00,8.6045,8.6596,8.5953,8.6533,72.63
2025-05-14 11:45:00,8.6473,8.6473,8.6213,8.6231,159.09
2025-05-14 12:00:00,8.6183,8.6221,8.5857,8.6107,91.1
2025-05-14 12:15:00,8.6081,8.6254,8.5957,8.5957,17.46
2025-05-14 12:30:00,8.5833,8.5912,8.543,8.5709,102.44
2025-05-14 12:45:00,8.563,8.574,8.4902,8.5225,33.99
2025-05-14 13:00:00,8.5182,8.5302,8.4407,8.5165,270.37
2025-05-14 13:15:00,8.5321,8.5455,8.4651,8.4689,519.52
2025-05-14 13:30:00,8.5074,8.572,8.4415,8.4415,453.16
2025-05-14 13:45:00,8.4486,8.4486,8.3846,8.4237,221.09
2025-05-14 14:00:00,8.464,8.4651,8.3783,8.3783,826.36
2025-05-14 14:15:00,8.3533,8.3693,8.3162,8.3323,914.77
2025-05-14 14:30:00,8.3414,8.3565,8.2766,8.3275,17741.63
2025-05-14 14:45:00,8.3275,8.3362,8.2839,8.2993,415.7
2025-05-14 15:00:00,8.2974,8.3715,8.2731,8.3715,188.21
2025-05-14 15:15:00,8.3624,8.3716,8.2754,8.3177,155.67
2025-05-14 15:30:00,8.3177,8.3584,8.2833,8.334,540.47
2025-05-14 15:45:00,8.3367,8.367,8.3159,8.367,37.56
2025-05-14 16:00:00,8.3744,8.4114,8.3457,8.4075,328.36
2025-05-14 16:15:00,8.4067,8.4067,8.3452,8.3476,57.56
